he	NIL
Buchenwald	http://dbpedia.org/resource/Buchenwald_concentration_camp
Bratislava	http://dbpedia.org/resource/Bratislava
Eliot	http://dbpedia.org/resource/T._S._Eliot
Italy	http://dbpedia.org/resource/Italy
Jesus Christ	http://dbpedia.org/resource/Jesus
Hungary	http://dbpedia.org/resource/Hungary
Professor	http://dbpedia.org/resource/Professor
Sarah Feig	NIL
airman	http://dbpedia.org/resource/Airman
William Golding	http://dbpedia.org/resource/William_Golding
Mandela	http://dbpedia.org/resource/Nelson_Mandela
Dublin	http://dbpedia.org/resource/Dublin
Herbert Charles Brown	http://dbpedia.org/resource/Herbert_C._Brown
his	http://dbpedia.org/resource/Elie_Wiesel
Dulbecco	http://dbpedia.org/resource/Renato_Dulbecco
Maria Goeppert	http://dbpedia.org/resource/Maria_Goeppert-Mayer
resident	http://dbpedia.org/resource/Residency_(medicine)
Fellow	http://dbpedia.org/resource/Fellow
Goeppert Mayer	http://dbpedia.org/resource/Maria_Goeppert-Mayer
he	http://dbpedia.org/resource/Pablo_Neruda
Martonvásár	http://dbpedia.org/resource/Martonvásár
Presidential Council of Advisors on Science and Technology	http://dbpedia.org/resource/United_States_President's_Council_of_Advisors_on_Science_and_Technology
Howard University	http://dbpedia.org/resource/Howard_University
Germany	http://dbpedia.org/resource/Germany
Christian minister	http://dbpedia.org/resource/Minister_(Christianity)
San Diego	http://dbpedia.org/resource/San_Diego
Natta	http://dbpedia.org/resource/Giulio_Natta
Senator	NIL
Society of Fellows	http://dbpedia.org/resource/Harvard_Society_of_Fellows
Institute of Industrial Chemistry	NIL
New England	http://dbpedia.org/resource/New_England
his	http://dbpedia.org/resource/Martti_Ahtisaari
Cor Gorter	http://dbpedia.org/resource/Cornelis_Jacobus_Gorter
University of Massachusetts Amherst	http://dbpedia.org/resource/University_of_Massachusetts_Amherst
One of the them	NIL
father	NIL
Basel Institute for Immunology	http://dbpedia.org/resource/Basel_Institute_for_Immunology
foreign associate	NIL
Rutherford	http://dbpedia.org/resource/Ernest_Rutherford
South Africa's Cape Province	http://dbpedia.org/resource/Cape_Province
Magdalene College	http://dbpedia.org/resource/Magdalene_College,_Cambridge
Sicily	http://dbpedia.org/resource/Sicily
he	http://dbpedia.org/resource/Samuel_Beckett
Jan Neruda	http://dbpedia.org/resource/Jan_Neruda
member	http://dbpedia.org/resource/Member
Impressionist painter	NIL
she	http://dbpedia.org/resource/Linda_B._Buck
he	http://dbpedia.org/resource/Salvatore_Quasimodo
daughter	http://dbpedia.org/resource/Daughter
man	NIL
James Tobin	http://dbpedia.org/resource/James_Tobin
RCA	http://dbpedia.org/resource/RCA
Capecchi	http://dbpedia.org/resource/Mario_Capecchi
poet	http://dbpedia.org/resource/Poet
Jane Somers	http://dbpedia.org/resource/Doris_Lessing
Milton Academy	http://dbpedia.org/resource/Milton_Academy
J. Hans D. Jensen	http://dbpedia.org/resource/J._Hans_D._Jensen
Pasteur Institute	http://dbpedia.org/resource/Pasteur_Institute
Repubblica Sociale Italiana	http://dbpedia.org/resource/Italian_Social_Republic
She	http://dbpedia.org/resource/Elizabeth_Blackburn
Schott Glass	http://dbpedia.org/resource/Schott_AG
Imperia	http://dbpedia.org/resource/Imperia
professor	http://dbpedia.org/resource/Professor
Columbia University	http://dbpedia.org/resource/Columbia_University
González Videla	http://dbpedia.org/resource/Gabriel_González_Videla
Zagreb	http://dbpedia.org/resource/Zagreb
Osijek	http://dbpedia.org/resource/Osijek
University of Leiden	http://dbpedia.org/resource/Leiden_University
Michael Smith	http://dbpedia.org/resource/Michael_Smith_(chemist)
Giulio Natta	http://dbpedia.org/resource/Giulio_Natta
Kansas City	http://dbpedia.org/resource/Kansas_City_metropolitan_area
Adele Montalcini	NIL
Lago Maggiore	http://dbpedia.org/resource/Lake_Maggiore
University of Turin	http://dbpedia.org/resource/University_of_Turin
He	NIL
Associate Professor	http://dbpedia.org/resource/Professor
Mario Capecchi	http://dbpedia.org/resource/Mario_Capecchi
KwaZulu Provincial Division	http://dbpedia.org/resource/KwaZulu-Natal_Division
President	http://dbpedia.org/resource/President
his	NIL
Thomas Eliot	http://dbpedia.org/resource/T._S._Eliot
Jena	http://dbpedia.org/resource/Jena
Paris	http://dbpedia.org/resource/Paris
journalist	http://dbpedia.org/resource/Journalist
Victor Verster Prison	http://dbpedia.org/resource/Susumu_Tonegawa
he	http://dbpedia.org/resource/Martti_Ahtisaari
archaeologist	http://dbpedia.org/resource/Archaeology
full professor	http://dbpedia.org/resource/Professor
Director	http://dbpedia.org/resource/Director_(business)
Fulvio	NIL
Irma Szakmáry	NIL
Jean-Baptiste Sartre	NIL
Akira Suzuki	http://dbpedia.org/resource/Akira_Suzuki_(chemist)
University of Hokkaidō	http://dbpedia.org/resource/Hokkaido_University
scientist	http://dbpedia.org/resource/Scientist
Transylvania	http://dbpedia.org/resource/Transylvania
Sarajevo	http://dbpedia.org/resource/Sarajevo
he	http://dbpedia.org/resource/Walther_Bothe
Romania	http://dbpedia.org/resource/Romania
principal	http://dbpedia.org/resource/Principal_(academia)
Mullis	http://dbpedia.org/resource/Kary_Mullis
Kyoto University	http://dbpedia.org/resource/Kyoto_University
bishop	http://dbpedia.org/resource/Bishop
church	http://dbpedia.org/resource/Church_(building)
Copenhagen	http://dbpedia.org/resource/Copenhagen
Trinity College, Cambridge	http://dbpedia.org/resource/Trinity_College,_Cambridge
Cambridge	http://dbpedia.org/resource/Cambridge
Marcel Proust	http://dbpedia.org/resource/Marcel_Proust
Newquay	http://dbpedia.org/resource/Newquay
Paul Tillich	http://dbpedia.org/resource/Paul_Tillich
Jewish	http://dbpedia.org/resource/Jews
woman	NIL
president	http://dbpedia.org/resource/President
University of Hamburg	http://dbpedia.org/resource/University_of_Hamburg
primary school	http://dbpedia.org/resource/Primary_school
Marguerite Vogt	http://dbpedia.org/resource/Marguerite_Vogt
University of California	http://dbpedia.org/resource/University_of_California,_San_Diego
Elizabeth II	http://dbpedia.org/resource/Elizabeth_II
Sakmann	http://dbpedia.org/resource/Bert_Sakmann
electrical engineer	NIL
Wiltshire	http://dbpedia.org/resource/Wiltshire
Barack Obama	http://dbpedia.org/resource/Barack_Obama
London	http://dbpedia.org/resource/London
faculty member	http://dbpedia.org/resource/Faculty_(academic_staff)
scholar	NIL
his	http://dbpedia.org/resource/David_Gross
Carpathian Mountains	http://dbpedia.org/resource/Carpathian_Mountains
medical school	NIL
Zeiss	http://dbpedia.org/resource/Carl_Zeiss_AG
France	http://dbpedia.org/resource/France
Kadima	http://dbpedia.org/resource/Kadima
South Africa	http://dbpedia.org/resource/South_Africa
Czech	http://dbpedia.org/resource/Czechs
Prelog	http://dbpedia.org/resource/Vladimir_Prelog
author	http://dbpedia.org/resource/Author
her	http://dbpedia.org/resource/Rita_Levi-Montalcini
Dario Fo	http://dbpedia.org/resource/Dario_Fo
Tokyo	http://dbpedia.org/resource/Tokyo
him	http://dbpedia.org/resource/Pablo_Neruda
his	http://dbpedia.org/resource/William_Golding
Catanzaro	http://dbpedia.org/resource/Catanzaro
Richard Kuhn	http://dbpedia.org/resource/Richard_Kuhn
God	http://dbpedia.org/resource/God
Levi-Montalcini	http://dbpedia.org/resource/Rita_Levi-Montalcini
Pauli	http://dbpedia.org/resource/Wolfgang_Pauli
Princeton University	http://dbpedia.org/resource/Princeton_University
Marlborough Grammar School	http://dbpedia.org/resource/Marlborough_Royal_Free_Grammar_School
painter	NIL
Luciano Capecchi	NIL
Eugene Wigner	http://dbpedia.org/resource/Eugene_Wigner
Wiesel	http://dbpedia.org/resource/Elie_Wiesel
Serpent Street	NIL
École Normale Supérieure	http://dbpedia.org/resource/École_Normale_Supérieure
his	http://dbpedia.org/resource/Albert_Fert
Israel Academy of Sciences and Humanities	http://dbpedia.org/resource/Israel_Academy_of_Sciences_and_Humanities
Mussolini	http://dbpedia.org/resource/Benito_Mussolini
Her	http://dbpedia.org/resource/Rita_Levi-Montalcini
Politecnico di Milano	http://dbpedia.org/resource/Polytechnic_University_of_Milan
Fert	http://dbpedia.org/resource/Albert_Fert
Elizabeth Blackburn	http://dbpedia.org/resource/Elizabeth_Blackburn
University of Western Ontario	http://dbpedia.org/resource/University_of_Western_Ontario
faculty	NIL
his	http://dbpedia.org/resource/Richard_Adolf_Zsigmondy
His	http://dbpedia.org/resource/Shinya_Yamanaka
Quasimodo	http://dbpedia.org/resource/Salvatore_Quasimodo
PTR	NIL
Ciechanover	http://dbpedia.org/resource/Aaron_Ciechanover
England	http://dbpedia.org/resource/England
US	http://dbpedia.org/resource/United_States
Geiger	http://dbpedia.org/resource/Hans_Geiger
he	http://dbpedia.org/resource/William_Golding
her	NIL
diplomatic positions	http://dbpedia.org/resource/Diplomatic_rank
Imre	NIL
Sighet	http://dbpedia.org/resource/Sighetu_Marmației
Robert F. Kennedy	http://dbpedia.org/resource/Robert_F._Kennedy
Lutuli	http://dbpedia.org/resource/Albert_Lutuli
Boy Scouts of America	http://dbpedia.org/resource/Boy_Scouts_of_America
Manchester Centre for Mesoscience and Nanotechnology	http://dbpedia.org/resource/Manchester_Centre_for_Mesoscience_and_Nanotechnology
Michael Joseph	http://dbpedia.org/resource/Michael_Joseph_(publisher)
Alexander S. Langsdorf	http://dbpedia.org/resource/Alexander_Langsdorf,_Jr.
she	http://dbpedia.org/resource/Rita_Levi-Montalcini
Johns Hopkins University	http://dbpedia.org/resource/Johns_Hopkins_University
Bertha Camilla Schütz	NIL
Senator for Life	http://dbpedia.org/resource/Senator_for_life
Blackpool, Lancashire, England	http://dbpedia.org/resource/Blackpool
person	NIL
Pontifical Academy of Sciences	http://dbpedia.org/resource/Pontifical_Academy_of_Sciences
Hulse	http://dbpedia.org/resource/Russell_Alan_Hulse
Amalfi	http://dbpedia.org/resource/Amalfi
lecturer 	http://dbpedia.org/resource/Lecturer
french	http://dbpedia.org/resource/French_people
Zewail	http://dbpedia.org/resource/Ahmed_Zewail
family	NIL
Nagoya	http://dbpedia.org/resource/Nagoya
Institute for Advanced Study	NIL
New York City	http://dbpedia.org/resource/New_York_City
Madison, Wisconsin	http://dbpedia.org/resource/Madison,_Wisconsin
Gaetano Quasimodo	NIL
Royal Aircraft Establishment	http://dbpedia.org/resource/Royal_Aircraft_Establishment
assistant	http://dbpedia.org/resource/Research_assistant
French	http://dbpedia.org/resource/French_people
Hans Geiger	http://dbpedia.org/resource/Hans_Geiger
Nelson Mandela	http://dbpedia.org/resource/Nelson_Mandela
Senate of Italy	http://dbpedia.org/resource/Senate_of_the_Republic_(Italy)
Harvard Medical School	http://dbpedia.org/resource/Harvard_Medical_School
Massachusetts	http://dbpedia.org/resource/Massachusetts
Benito Mussolini	http://dbpedia.org/resource/Benito_Mussolini
Lessing	http://dbpedia.org/resource/Doris_Lessing
he	http://dbpedia.org/resource/Vladimir_Prelog
St. Louis	http://dbpedia.org/resource/St._Louis
His	http://dbpedia.org/resource/Dario_Fo
Umkhonto we Sizwe	http://dbpedia.org/resource/Umkhonto_we_Sizwe
lecturer	http://dbpedia.org/resource/Lecturer
Frank Aydelotte	http://dbpedia.org/resource/Frank_Aydelotte
Karl Ziegler	http://dbpedia.org/resource/Karl_Ziegler
Leggiuno Sangiano	http://dbpedia.org/resource/Leggiuno
Zurich	http://dbpedia.org/resource/Zürich
United States	http://dbpedia.org/resource/United_States
fellow	http://dbpedia.org/resource/Fellow
she	http://dbpedia.org/resource/Toni_Morrison
Sarah Lawrence College	http://dbpedia.org/resource/Sarah_Lawrence_College
He	http://dbpedia.org/resource/William_Golding
Harvard University	http://dbpedia.org/resource/Harvard_University
Zsigmondy	http://dbpedia.org/resource/Richard_Adolf_Zsigmondy
she	http://dbpedia.org/resource/Maria_Goeppert-Mayer
Michael	NIL
director	http://dbpedia.org/resource/Director_(business)
Natal	http://dbpedia.org/resource/KwaZulu-Natal
he	http://dbpedia.org/resource/Richard_Adolf_Zsigmondy
Umtata	http://dbpedia.org/resource/Mthatha
Tokushima	http://dbpedia.org/resource/Tokushima,_Tokushima
She	NIL
Methodist Church	http://dbpedia.org/resource/United_Methodist_Church
researcher	http://dbpedia.org/page/Research
graduate student	NIL
African National Congress	http://dbpedia.org/resource/African_National_Congress
U.S. National Institutes of Health	http://dbpedia.org/resource/National_Institutes_of_Health
high school	NIL
Adolf Zsigmondy Sr.	NIL
Valparaíso	http://dbpedia.org/resource/Valparaíso
Milan	http://dbpedia.org/resource/Milan
Eagle Scout	http://dbpedia.org/resource/Eagle_Scout_(Boy_Scouts_of_America)
Viktor Hamburger	http://dbpedia.org/resource/Viktor_Hamburger
Cornell University	http://dbpedia.org/resource/Cornell_University
Chilean Communist Party	http://dbpedia.org/resource/Communist_Party_of_Chile
activist	NIL
Harvard	http://dbpedia.org/resource/Harvard_University
faculty of engineering	NIL
Turin	http://dbpedia.org/resource/Turin
Mvezo	http://dbpedia.org/resource/Mvezo
Geiger's staff	NIL
her	http://dbpedia.org/resource/Alice_Munro
Ehud Olmert	http://dbpedia.org/resource/Ehud_Olmert
Salk Institute	http://dbpedia.org/resource/Salk_Institute_for_Biological_Studies
Maihue Lake	http://dbpedia.org/resource/Maihue_Lake
elementary school	NIL
he	http://dbpedia.org/resource/Wolfgang_Pauli
Max Born	http://dbpedia.org/resource/Max_Born
physicist	http://dbpedia.org/resource/Physicist
Thessaloniki, Greece	http://dbpedia.org/resource/Thessaloniki
Basel, Switzerland	http://dbpedia.org/resource/Basel
Knight Bachelor	http://dbpedia.org/resource/Knight_Bachelor
Mario	NIL
Pisa	http://dbpedia.org/resource/Pisa
Richard Williamson	http://dbpedia.org/resource/Richard_Williamson_(bishop)
The Imperial Cancer Research Fund	http://dbpedia.org/resource/Cancer_Research_UK
Campbell College	http://dbpedia.org/resource/Campbell_College
Yamanaka	http://dbpedia.org/resource/Shinya_Yamanaka
his	http://dbpedia.org/resource/Salvatore_Quasimodo
Purdue University	http://dbpedia.org/resource/Purdue_University
Beckett	http://dbpedia.org/resource/Samuel_Beckett
University of Utrecht	http://dbpedia.org/resource/Utrecht_University
University of Göttingen	http://dbpedia.org/resource/University_of_Göttingen
Carlo Azeglio Ciampi	http://dbpedia.org/resource/Carlo_Azeglio_Ciampi
Prime Minister	http://dbpedia.org/resource/Prime_minister
He	http://dbpedia.org/resource/Giulio_Natta
Maramureș	http://dbpedia.org/resource/Maramureș
Vienna	http://dbpedia.org/resource/Vienna
Niels Bohr Institute	http://dbpedia.org/resource/Niels_Bohr_Institute
Shuji Nakamura	http://dbpedia.org/resource/Shuji_Nakamura
Cooper Union	http://dbpedia.org/resource/Cooper_Union
his	http://dbpedia.org/resource/Leopold_Ružička
postdoctoral student	http://dbpedia.org/resource/Postdoctoral_researcher
he	http://dbpedia.org/resource/Nelson_Mandela
Renato Dulbecco	http://dbpedia.org/resource/Renato_Dulbecco
citizen	http://dbpedia.org/resource/Citizenship
Orsay Faculty of Sciences	NIL
Rita Levi-Montalcini	http://dbpedia.org/resource/Rita_Levi-Montalcini
Trinity College	http://dbpedia.org/resource/Trinity_College,_Dublin
Institute for Theoretical Physics	NIL
University of the Witwatersrand	http://dbpedia.org/resource/University_of_the_Witwatersrand
His	http://dbpedia.org/resource/Wolfgang_Pauli
Newcastle	http://dbpedia.org/resource/Newcastle,_KwaZulu-Natal
John	NIL
Kroto	http://dbpedia.org/resource/Harry_Kroto
Munro	http://dbpedia.org/resource/Alice_Munro
St. Nicholas Church of England School	NIL
Edward Mills Purcell	http://dbpedia.org/resource/Edward_Mills_Purcell
MIT Radiation Laboratory	http://dbpedia.org/resource/Radiation_Laboratory_(MIT)
his	http://dbpedia.org/resource/Martin_Luther_King,_Jr.
Sheffield University	http://dbpedia.org/resource/University_of_Sheffield
Henry Nelson Wieman	http://dbpedia.org/resource/Henry_Nelson_Wieman
Röntgen	http://dbpedia.org/resource/Wilhelm_Röntgen
Liguria	http://dbpedia.org/resource/Liguria
assistant professor	http://dbpedia.org/resource/Professor
chemist	http://dbpedia.org/resource/Chemist
Lavoslav Ružička	http://dbpedia.org/resource/Leopold_Ružička
Yale University	http://dbpedia.org/resource/Yale_University
Martti Ahtisaari	http://dbpedia.org/resource/Martti_Ahtisaari
boy scout	http://dbpedia.org/resource/Scout_(Scouting)
Martin Luther King	http://dbpedia.org/resource/Martin_Luther_King,_Jr.
Bianca Fo Garambois	NIL
he	http://dbpedia.org/resource/Susumu_Tonegawa
American-born	http://dbpedia.org/resource/Americans
University of Manchester	http://dbpedia.org/resource/University_of_Manchester
He	http://dbpedia.org/resource/Martti_Ahtisaari
Modica	http://dbpedia.org/resource/Modica
Scofield Thayer	http://dbpedia.org/resource/Scofield_Thayer
he	http://dbpedia.org/resource/Albert_Lutuli
his	http://dbpedia.org/resource/James_Tobin
University of Utah	http://dbpedia.org/resource/University_of_Utah
Society of Saint Pius X	http://dbpedia.org/resource/Society_of_Saint_Pius_X
James Sirleaf	NIL
Fo	http://dbpedia.org/resource/Dario_Fo
Carlo Rubbia	http://dbpedia.org/resource/Carlo_Rubbia
Canadian	http://dbpedia.org/resource/Canadians
National Osaka Hospital	NIL
student	http://dbpedia.org/resource/Student
Neruda	http://dbpedia.org/resource/Pablo_Neruda
UK publisher	NIL
scientific member	NIL
University of Pisa	http://dbpedia.org/resource/University_of_Pisa
Joseph Edward Mayer	http://dbpedia.org/resource/Joseph_Edward_Mayer
his	http://dbpedia.org/resource/Nicolaas_Bloembergen
Pollsmoor Prison	http://dbpedia.org/resource/Pollsmoor_Prison
science master	http://dbpedia.org/resource/Master_of_Science
Southern Italy	http://dbpedia.org/resource/Southern_Italy
Alain-Fournier	http://dbpedia.org/resource/Alain-Fournier
Wolfgang Joseph Pauli	NIL
Madison Business College	http://dbpedia.org/resource/Madison_Business_College
Ghana	http://dbpedia.org/resource/Ghana
gymnasium	NIL
Paul Samuelson	http://dbpedia.org/resource/Paul_Samuelson
YMCA	http://dbpedia.org/resource/YMCA
officer	http://dbpedia.org/resource/Officer
Frank Wilczek	http://dbpedia.org/resource/Frank_Wilczek
he	http://dbpedia.org/resource/Shuji_Nakamura
his	http://dbpedia.org/resource/Giulio_Natta
Division	http://dbpedia.org/resource/KwaZulu-Natal_Division
his	http://dbpedia.org/resource/Kary_Mullis
Alfred A. Knopf	http://dbpedia.org/resource/Alfred_A._Knopf
Sorbonne	http://dbpedia.org/resource/University_of_Paris
Blackett	http://dbpedia.org/resource/Patrick_Blackett,_Baron_Blackett
Wilhelm Röntgen	http://dbpedia.org/resource/Wilhelm_Röntgen
her	http://dbpedia.org/resource/Linda_B._Buck
novelist	http://dbpedia.org/resource/Novelist
research assistant	http://dbpedia.org/resource/Research_assistant
United States National Academy of Sciences	http://dbpedia.org/resource/National_Academy_of_Sciences
Albert Lutuli	http://dbpedia.org/resource/Albert_Lutuli
Hungarian	http://dbpedia.org/resource/Hungarians
friend	NIL
Rubbia	http://dbpedia.org/resource/Carlo_Rubbia
his	http://dbpedia.org/resource/Shinya_Yamanaka
hospital	NIL
Italian	http://dbpedia.org/resource/Italians
Argentina	http://dbpedia.org/resource/Argentina
Louisa Colpeyn	NIL
Washington University	http://dbpedia.org/resource/Washington_University_in_St._Louis
actress	http://dbpedia.org/resource/Actor
Nicolaas Bloembergen	http://dbpedia.org/resource/Nicolaas_Bloembergen
girl	NIL
Cavendish Laboratory	http://dbpedia.org/resource/Cavendish_Laboratory
Japan	http://dbpedia.org/resource/Japan
Robben Island	http://dbpedia.org/resource/Robben_Island
His	NIL
Belfast	http://dbpedia.org/resource/Belfast
he	http://dbpedia.org/resource/Akira_Suzuki_(chemist)
Messina	http://dbpedia.org/resource/Messina
his	http://dbpedia.org/resource/Susumu_Tonegawa
Lombardy	http://dbpedia.org/resource/Lombardy
Frank	NIL
she	NIL
M.I.T.	http://dbpedia.org/resource/Massachusetts_Institute_of_Technology
Lucy Ramberg	NIL
Marlborough	http://dbpedia.org/resource/Marlborough,_Wiltshire
research associate	http://dbpedia.org/resource/Research_associate
Assistant Professor	http://dbpedia.org/resource/Professor
Elizabeth Fay Ringo	NIL
he	http://dbpedia.org/resource/James_Tobin
mathematician	http://dbpedia.org/resource/Mathematician
Scuola Normale	http://dbpedia.org/resource/Scuola_Normale_Superiore_di_Pisa
him	NIL
Tonegawa	http://dbpedia.org/resource/Susumu_Tonegawa
his	http://dbpedia.org/resource/Wolfgang_Pauli
He	http://dbpedia.org/resource/Albert_Fert
Department of Biochemistry	NIL
Yale	http://dbpedia.org/resource/Yale_University
Province of Varese	http://dbpedia.org/resource/Province_of_Varese
biochemist	http://dbpedia.org/resource/Biochemist
Toni Morrison	http://dbpedia.org/resource/Toni_Morrison
commedia dell'arte	http://dbpedia.org/resource/Commedia_dell'arte
Bolton School	http://dbpedia.org/resource/Bolton_School
Cowles Foundation	http://dbpedia.org/resource/Cowles_Foundation
Hungarian Jews	NIL
University of Rome	http://dbpedia.org/resource/University_of_Rome
Lucy Dodd Ramberg	NIL
Farnborough	http://dbpedia.org/resource/Farnborough,_Hampshire
Albert Modiano	NIL
ANC	http://dbpedia.org/resource/African_National_Congress
Hamburger	http://dbpedia.org/resource/Viktor_Hamburger
Louisa Colpijn	NIL
Shuichi Hirata	NIL
Cambridge Majlis	NIL
His	http://dbpedia.org/resource/Elie_Wiesel
Clotilde Ragusa	NIL
preacher	http://dbpedia.org/resource/Preacher
King's College	http://dbpedia.org/resource/King's_College,_Cambridge
Neher	http://dbpedia.org/resource/Erwin_Neher
University of Tokushima	http://dbpedia.org/resource/University_of_Tokushima
Verona	http://dbpedia.org/resource/Verona
theatre administrator	NIL
her	http://dbpedia.org/resource/Maria_Goeppert-Mayer
he	http://dbpedia.org/resource/Patrick_Blackett,_Baron_Blackett
Berkeley	http://dbpedia.org/resource/University_of_California,_Berkeley
mountain pass	NIL
Brera Academy	http://dbpedia.org/resource/Brera_Academy
David Gross	http://dbpedia.org/resource/David_Gross
lecteur	http://dbpedia.org/resource/Lecturer
she	http://dbpedia.org/resource/Nadine_Gordimer
Gordimer	http://dbpedia.org/resource/Nadine_Gordimer
Naples	http://dbpedia.org/resource/Naples
Oulu	http://dbpedia.org/resource/Oulu
Harlequin	http://dbpedia.org/resource/Harlequin
Walter Ramberg	NIL
Chile	http://dbpedia.org/resource/Chile
Boston University	http://dbpedia.org/resource/Boston_University
ghettos	NIL
Laboratory for Radioactivity	NIL
associate professor	http://dbpedia.org/resource/Professor
Rome's city hall	NIL
writer	http://dbpedia.org/resource/Writer
Vatican	http://dbpedia.org/resource/Holy_See
Walter Bothe	http://dbpedia.org/resource/Walther_Bothe
he	http://dbpedia.org/resource/Carlo_Rubbia
Auschwitz concentration camp	http://dbpedia.org/resource/Auschwitz_concentration_camp
Sephardic family	http://dbpedia.org/resource/Sephardi_Jews
Cornwall	http://dbpedia.org/resource/Cornwall
Adamo Levi	NIL
Hibiya High School	http://dbpedia.org/resource/Hibiya_High_School
Giuseppe Levi	http://dbpedia.org/resource/Giuseppe_Levi
Boston Brahmin family	http://dbpedia.org/resource/Boston_Brahmin
Polytechnic Institute of Turin	http://dbpedia.org/resource/Polytechnic_University_of_Turin
choirmaster	http://dbpedia.org/resource/Kapellmeister
Frédéric Joliot-Curie	http://dbpedia.org/resource/Frédéric_Joliot-Curie
he	http://dbpedia.org/resource/T._S._Eliot
Swiss Federal Institute of Technology	http://dbpedia.org/resource/ETH_Zurich
teacher	http://dbpedia.org/resource/Teacher
Queen	http://dbpedia.org/resource/Queen_regnant
Nichia Corporation	http://dbpedia.org/resource/Nichia
École Supérieure de Physique et de Chimie Industrielles	http://dbpedia.org/resource/ESPCI_ParisTech
University of Chicago	http://dbpedia.org/resource/University_of_Chicago
F. W. de Klerk	http://dbpedia.org/resource/F._W._de_Klerk
Giorgio Napolitano	http://dbpedia.org/resource/Giorgio_Napolitano
Linda Buck	http://dbpedia.org/resource/Linda_B._Buck
Ernst Mach	http://dbpedia.org/resource/Ernst_Mach
him	http://dbpedia.org/resource/Leopold_Ružička
Eliot family	NIL
Elie Wiesel	http://dbpedia.org/resource/Elie_Wiesel
he	http://dbpedia.org/resource/Shinya_Yamanaka
Henri Bergson	http://dbpedia.org/resource/Henri_Bergson
University of Bologna	http://dbpedia.org/resource/University_of_Bologna
Shlomo Wiesel	NIL
Nobel laureate	NIL
Vancouver Island	http://dbpedia.org/resource/Vancouver_Island
Canada	http://dbpedia.org/resource/Canada
Blaauwbosch	NIL
Masaki Hayashi	NIL
house	NIL
Collège de France	http://dbpedia.org/resource/Collège_de_France
physicist 	http://dbpedia.org/resource/Physicist
his	http://dbpedia.org/resource/Renato_Dulbecco
her	http://dbpedia.org/resource/Elizabeth_Blackburn
Austrian Empire	http://dbpedia.org/resource/Austrian_Empire
anatomy department	NIL
Bothe	http://dbpedia.org/resource/Walther_Bothe
his	http://dbpedia.org/resource/Pablo_Neruda
Helen Wood Christie	NIL
Anne-Marie Schweitzer	NIL
his	http://dbpedia.org/resource/Vladimir_Prelog
French Navy	http://dbpedia.org/resource/French_Navy
German	http://dbpedia.org/resource/Germans
he	http://dbpedia.org/resource/Dario_Fo
Bronx High School of Science	http://dbpedia.org/resource/The_Bronx_High_School_of_Science
University of Paris	http://dbpedia.org/resource/University_of_Paris
Marcello Conversi	NIL
Argonne National Laboratory	http://dbpedia.org/resource/Argonne_National_Laboratory
Sheffiel	http://dbpedia.org/resource/University_of_Sheffield
private secretary	http://dbpedia.org/resource/Secretary
Benjamin F. Hopkins	http://dbpedia.org/resource/Benjamin_F._Hopkins
Forest Ridge School of the Sacred Heart	http://dbpedia.org/resource/Forest_Ridge_School_of_the_Sacred_Heart
Wiveliscombe	http://dbpedia.org/resource/Wiveliscombe
poet	http://dbpedia.org/resource/Poet
Brigham Young University	http://dbpedia.org/resource/Brigham_Young_University
University of Virginia School of Law	http://dbpedia.org/resource/University_of_Virginia_School_of_Law
Chattanooga State Technical Community College	http://dbpedia.org/resource/Chattanooga_State_Community_College
vice-president	NIL
Ottawa	http://dbpedia.org/resource/Ottawa
Distinguished Professor	http://dbpedia.org/resource/Professors_in_the_United_States
editor	http://dbpedia.org/resource/Editor-in-chief
quarterback	http://dbpedia.org/resource/Quarterback
legal scholar	http://dbpedia.org/resource/Jurist
Florence May Harding	http://dbpedia.org/resource/Florence_May_Harding
country	NIL
Samuel Clegg	http://dbpedia.org/resource/Samuel_Clegg
Mary McCarthy	http://dbpedia.org/resource/Mary_McCarthy_(author)
Joshua Fry Speed	http://dbpedia.org/resource/Joshua_Fry_Speed
Brigham Young Academy	http://dbpedia.org/resource/Brigham_Young_University
Donna Brazile	http://dbpedia.org/resource/Donna_Brazile
real estate companies	NIL
candidate	http://dbpedia.org/resource/Joe_Ellis
judge	http://dbpedia.org/resource/United_States_federal_judge
Calcutta University	http://dbpedia.org/resource/University_of_Calcutta
organizer	NIL
Minnesota	http://dbpedia.org/resource/Minnesota
United States House of Representatives	http://dbpedia.org/resource/United_States_House_of_Representatives
University of London	http://dbpedia.org/resource/University_of_London
President	http://dbpedia.org/resource/President_of_the_United_States
president	http://dbpedia.org/resource/Chancellor_(education)
Lee Seung Hyo	http://dbpedia.org/resource/Lee_Seung-hyo
King's School, Sydney	http://dbpedia.org/resource/The_King's_School,_Parramatta
Connecticut State Senate	http://dbpedia.org/resource/Connecticut_Senate
University of Illinois at Chicago	http://dbpedia.org/resource/University_of_Illinois_at_Chicago
Oberlin Conservatory	http://dbpedia.org/resource/Oberlin_Conservatory_of_Music
Richard Taylor	http://dbpedia.org/resource/Richard_Taylor_(British_politician)
Lac du Bonnet	http://dbpedia.org/resource/Lac_du_Bonnet_(electoral_district)
Walter Erle	http://dbpedia.org/resource/Walter_Erle
Vassar College	http://dbpedia.org/resource/Vassar_College
notables	NIL
county	http://dbpedia.org/resource/County
civil engineering	http://dbpedia.org/resource/Civil_engineering
Nickerson family	NIL
Jewish	http://dbpedia.org/resource/Jews
Pittsburgh Penguins	http://dbpedia.org/resource/Pittsburgh_Penguins
Hassan Husseini	http://dbpedia.org/resource/Hassan_Husseini
Al Gore	http://dbpedia.org/resource/Al_Gore
New York	http://dbpedia.org/resource/New_York
Brantford, Ontario	http://dbpedia.org/resource/Brantford
Iowa District Court	http://dbpedia.org/resource/List_of_former_United_States_district_courts
Poughkeepsie, New York	http://dbpedia.org/resource/Poughkeepsie,_New_York
Joint Security Area	http://dbpedia.org/resource/Joint_Security_Area
Joel Gilbert	http://dbpedia.org/resource/Joel_Gilbert
Rico Lebrun	http://dbpedia.org/resource/Rico_Lebrun
Harold Duane Vietor	http://dbpedia.org/resource/Harold_Duane_Vietor
Somerset	http://dbpedia.org/resource/Somerset
Louisiana State University	http://dbpedia.org/resource/Louisiana_State_University
Lee Allen	http://dbpedia.org/resource/Lee_Allen_(musician)
playwright	http://dbpedia.org/resource/Playwright
Cumming	NIL
Deputy Solicitor General	http://dbpedia.org/resource/United_States_Solicitor_General
Republican	http://dbpedia.org/resource/Republican_Party_(United_States)
Putney College	NIL
president	http://dbpedia.org/resource/President_of_the_United_States
Charborough	http://dbpedia.org/resource/Charborough_House
Associate Professor	http://dbpedia.org/resource/Professors_in_the_United_States
Robert P. Anderson	http://dbpedia.org/resource/Robert_P._Anderson
Dorothy Pole	NIL
he	http://dbpedia.org/resource/Jack_Conroy
Chicago	http://dbpedia.org/resource/Chicago
New York City	http://dbpedia.org/resource/New_York_City
Stephen Zepeda	http://dbpedia.org/resource/Stephen_Zepeda
City of London	http://dbpedia.org/resource/City_of_London
university	NIL
Philadelphia	http://dbpedia.org/resource/Philadelphia
Paul Polillo	http://dbpedia.org/resource/Paul_Polillo
Southborough, Massachusetts	http://dbpedia.org/resource/Southborough,_Massachusetts
United States Navy	http://dbpedia.org/resource/United_States_Navy
London School of Economics	http://dbpedia.org/resource/London_School_of_Economics
Fontainebleau	http://dbpedia.org/resource/Fontainebleau
political adviser	http://dbpedia.org/resource/Political_consulting
University of Ottawa	http://dbpedia.org/resource/University_of_Ottawa
Madison, Wisconsin	http://dbpedia.org/resource/Madison,_Wisconsin
Cedar Rapids, Iowa	http://dbpedia.org/resource/Cedar_Rapids,_Iowa
District of Connecticut	http://dbpedia.org/resource/United_States_District_Court_for_the_District_of_Connecticut
Southeastern Louisiana State University	http://dbpedia.org/resource/Southeastern_Louisiana_University
Southern California	http://dbpedia.org/resource/Southern_California
Alan N. Braverman	http://dbpedia.org/resource/Alan_N._Braverman
United States District Court	http://dbpedia.org/resource/United_States_district_court
sheriff	http://dbpedia.org/resource/Sheriff
David Campbell	http://dbpedia.org/resource/David_Campbell_(poet)
Portugal	http://dbpedia.org/resource/Kingdom_of_Portugal
Noank, Connecticut	http://dbpedia.org/resource/Noank,_Connecticut
composer	http://dbpedia.org/resource/Composer
Nickerson	http://dbpedia.org/resource/Eugene_Nickerson
woman	NIL
Walk for Peace	NIL
Demerara	http://dbpedia.org/resource/Demerara
New Jersey	http://dbpedia.org/resource/New_Jersey
royal engineers	http://dbpedia.org/resource/Royal_Engineers
Chris Corrigan	http://dbpedia.org/resource/Chris_Corrigan
Australia	http://dbpedia.org/resource/Australia
James Carville	http://dbpedia.org/resource/James_Carville
Nirmalya Kumar	http://dbpedia.org/resource/Nirmalya_Kumar
Legislative Assembly of Manitoba	http://dbpedia.org/resource/Legislative_Assembly_of_Manitoba
chief judge	http://dbpedia.org/resource/Chief_judge
American	http://dbpedia.org/resource/Americans
he	http://dbpedia.org/resource/Lee_Allen_(musician)
South Africa	http://dbpedia.org/resource/South_Africa
Charborough House	http://dbpedia.org/resource/Charborough_House
captain	NIL
lawyer	http://dbpedia.org/resource/Lawyer
Thomas Merrill	http://dbpedia.org/resource/Thomas_Merrill
Ottawa-Carleton	http://dbpedia.org/resource/Ottawa
man	http://dbpedia.org/resource/Rico_Lebrun
Safari Sam's	NIL
senator	NIL
Vice President of the United States	http://dbpedia.org/resource/Vice_President_of_the_United_States
American	NIL
Frank Azell	NIL
musician	http://dbpedia.org/resource/Musician
person	NIL
government	http://dbpedia.org/resource/Government
Farringdon Without	http://dbpedia.org/resource/Farringdon_Without
law clerk	http://dbpedia.org/resource/Law_clerk
Joseph L. Townsend	http://dbpedia.org/resource/Joseph_L._Townsend
Roosevelt	http://dbpedia.org/resource/Franklin_D._Roosevelt
Devon	http://dbpedia.org/resource/Devon
Michael Hollinger	http://dbpedia.org/resource/Michael_Hollinger
university	http://dbpedia.org/resource/University
he	http://dbpedia.org/resource/Joel_Gilbert
John Stigall	http://dbpedia.org/resource/John_Stigall
man	NIL
Wayne Koestenbaum	http://dbpedia.org/resource/Wayne_Koestenbaum
Chatham	http://dbpedia.org/resource/Chatham,_Kent
State University of New York at Brockport	http://dbpedia.org/resource/State_University_of_New_York_at_Brockport
English department at Dartmouth College	NIL
native of Auburn, New York	NIL
Canadian Union of Public Employees	http://dbpedia.org/resource/Canadian_Union_of_Public_Employees
Hollywood, California	http://dbpedia.org/resource/Hollywood
France	http://dbpedia.org/resource/France
University of Manitoba	http://dbpedia.org/resource/University_of_Manitoba
Eugene Nickerson	http://dbpedia.org/resource/Eugene_Nickerson
Loyola's University in Belgium, Economics	http://dbpedia.org/resource/Katholieke_Universiteit_Leuven
John Pole	NIL
Jerry Fontaine	http://dbpedia.org/resource/Jerry_Fontaine
commissioner	http://dbpedia.org/resource/Commissioner
Governor	http://dbpedia.org/resource/Governor_of_Wisconsin
HC CSKA Moscow	http://dbpedia.org/resource/HC_CSKA_Moscow
Paul	NIL
Shivaji University	http://dbpedia.org/resource/Shivaji_University
Professor	http://dbpedia.org/resource/Professor
INSEAD	http://dbpedia.org/resource/INSEAD
entrepreneur	http://dbpedia.org/resource/Entrepreneurship
Chung-Ang University Graduate School of Arts	http://dbpedia.org/resource/Chung-Ang_University
fashion illustrator	http://dbpedia.org/resource/Fashion_illustration
Mr.	http://dbpedia.org/resource/Mr.
Irish	http://dbpedia.org/resource/Irish_people
Joanne Woodward	http://dbpedia.org/resource/Joanne_Woodward
Burlington	http://dbpedia.org/resource/Burlington,_Vermont
resident playwright	http://dbpedia.org/resource/Playwright
Queen's College, Oxford	http://dbpedia.org/resource/The_Queen's_College,_Oxford
Ronald Theodore Reuther	http://dbpedia.org/resource/Ronald_Theodore_Reuther
Moore College of Art	http://dbpedia.org/resource/Moore_College_of_Art_and_Design
Duquesne University	http://dbpedia.org/resource/Duquesne_University
Chattanooga	http://dbpedia.org/resource/Chattanooga,_Tennessee
Pittsburgh	http://dbpedia.org/resource/University_of_Pittsburgh
Oxford University	http://dbpedia.org/resource/University_of_Oxford
Muscatine, Iowa	http://dbpedia.org/resource/Muscatine,_Iowa
captain	http://dbpedia.org/resource/Captain_(sports)
Yvonne Jacquette	http://dbpedia.org/resource/Yvonne_Jacquette
Parkersburg, Iowa	http://dbpedia.org/resource/Parkersburg,_Iowa
Randy Moffett	http://dbpedia.org/resource/Randy_Moffett
U.S. Coast Guard Reserve	http://dbpedia.org/resource/United_States_Coast_Guard_Reserve
W. J. E. Bennett	http://dbpedia.org/resource/W._J._E._Bennett
Cleopatra Mathis	http://dbpedia.org/resource/Cleopatra_Mathis
Western Michigan University	http://dbpedia.org/resource/Western_Michigan_University
New Dramatists	NIL
Wisconsin Senate	http://dbpedia.org/resource/Wisconsin_State_Senate
professor	http://dbpedia.org/resource/Professors_in_the_United_States
Henry Herman Meyer	http://dbpedia.org/resource/Henry_Herman_Meyer
University of Pennsylvania	http://dbpedia.org/resource/University_of_Pennsylvania
ward	http://dbpedia.org/resource/Ward_(country_subdivision)
University of Chicago Law School	http://dbpedia.org/resource/University_of_Chicago_Law_School
Italy	http://dbpedia.org/resource/Italy_national_football_team
Judge	http://dbpedia.org/resource/United_States_federal_judge
company	NIL
St. Mark's School	http://dbpedia.org/resource/St._Mark's_School_(Massachusetts)
clergyman	http://dbpedia.org/resource/Clergy
Thomas Erle	http://dbpedia.org/resource/Thomas_Erle
Cape Cod	http://dbpedia.org/resource/Cape_Cod
Mills College	http://dbpedia.org/resource/Mills_College
district	NIL
State's Attorney	NIL
Dorset	http://dbpedia.org/resource/Dorset
club promoter	http://dbpedia.org/resource/Promoter_(entertainment)
cultural critic	http://dbpedia.org/resource/Cultural_critic
United States	http://dbpedia.org/resource/United_States
Hubert Humphrey	http://dbpedia.org/resource/Hubert_Humphrey
Louisiana State University System	http://dbpedia.org/resource/Louisiana_State_University_System
Kellogg School of Management	http://dbpedia.org/resource/Kellogg_School_of_Management
Disney Studios	http://dbpedia.org/resource/Walt_Disney_Pictures
Andrea Pole	NIL
poet-in-residence	http://dbpedia.org/resource/Poet
State University of New York at Cortland	http://dbpedia.org/resource/State_University_of_New_York_at_Cortland
Christ Church, Oxford	http://dbpedia.org/resource/Christ_Church,_Oxford
Thomas Pole	http://dbpedia.org/resource/Thomas_Pole
street	NIL
New London County	http://dbpedia.org/resource/New_London_County,_Connecticut
D.C.	http://dbpedia.org/resource/Washington,_D.C.
he	NIL
Jesus College, Cambridge	http://dbpedia.org/resource/Jesus_College,_Cambridge
John Joseph Earley	http://dbpedia.org/resource/John_Joseph_Earley
Villanova University	http://dbpedia.org/resource/Villanova_University
graduate	http://dbpedia.org/resource/Postgraduate_education
council	http://dbpedia.org/resource/Local_government_in_England
Algarves	http://dbpedia.org/resource/Algarve
Vice-President	NIL
Port Huron Border Cats	http://dbpedia.org/resource/Port_Huron_Border_Cats
artist	http://dbpedia.org/resource/Artist
actress	http://dbpedia.org/resource/Actor
Colorado College	http://dbpedia.org/resource/Colorado_College
University of Arizona	http://dbpedia.org/resource/University_of_Arizona
Wisconsin State Assembly	http://dbpedia.org/resource/Wisconsin_State_Assembly
Columbia University	http://dbpedia.org/resource/Columbia_University
Sydney	http://dbpedia.org/resource/Sydney
School of Art at the University of Iowa	http://dbpedia.org/resource/University_of_Iowa_School_of_Art_and_Art_History
Coles Bashford	http://dbpedia.org/resource/Coles_Bashford
Des Moines	http://dbpedia.org/resource/Des_Moines,_Iowa
Michael Colgrass	http://dbpedia.org/resource/Michael_Colgrass
US	http://dbpedia.org/resource/United_States
headmaster	http://dbpedia.org/resource/Head_teacher
Cedar Rapids	http://dbpedia.org/resource/Cedar_Rapids,_Iowa
Moberly, Missouri	http://dbpedia.org/resource/Moberly,_Missouri
Methodist Episcopal	http://dbpedia.org/resource/Methodist_Episcopal_Church
Lateefah Simon	http://dbpedia.org/resource/Lateefah_Simon
LSU	http://dbpedia.org/resource/Louisiana_State_University
New London, Connecticut	http://dbpedia.org/resource/New_London,_Connecticut
University of California-Berkeley	http://dbpedia.org/resource/University_of_California,_Berkeley
David L. Bazelon	http://dbpedia.org/resource/David_L._Bazelon
Connecticut Superior Court	http://dbpedia.org/resource/Connecticut_Superior_Court
Yale Law School	http://dbpedia.org/resource/Yale_Law_School
Putney	http://dbpedia.org/resource/Putney
Grinnell College	http://dbpedia.org/resource/Grinnell_College
Central Academy of Fine Arts	http://dbpedia.org/resource/China_Central_Academy_of_Fine_Arts
Rachel Smith	http://dbpedia.org/resource/Rachel_Smith
Westminster School	http://dbpedia.org/resource/Westminster_School
Hon	http://dbpedia.org/resource/Supreme_court
Chungju National University	http://dbpedia.org/resource/Korea_National_University_of_Transportation
Boston, Massachusetts	http://dbpedia.org/resource/Boston
Douglas Robert Dundas	NIL
School of Oriental and African Studies	http://dbpedia.org/resource/SOAS,_University_of_London
Yale College	http://dbpedia.org/resource/Yale_University
he	http://dbpedia.org/resource/Eugene_Nickerson
sniper	http://dbpedia.org/resource/Sniper
Chouinard Art Institute	http://dbpedia.org/resource/Chouinard_Art_Institute
Long Beach, California	http://dbpedia.org/resource/Long_Beach,_California
Seattle	http://dbpedia.org/resource/Seattle
Communist Party	http://dbpedia.org/resource/Communist_Party_of_Canada
Cullompton	http://dbpedia.org/resource/Cullompton
guy	http://dbpedia.org/resource/Paul_Polillo
University of Iowa	http://dbpedia.org/resource/University_of_Iowa
Villanova	http://dbpedia.org/resource/Villanova_University
editor-in-chief	http://dbpedia.org/resource/Editor-in-chief
United States Senator	http://dbpedia.org/resource/United_States_Senate
John Speed	http://dbpedia.org/resource/John_Speed
Northwestern University	http://dbpedia.org/resource/Northwestern_University
National Art School	http://dbpedia.org/resource/National_Art_School
Bill Clinton	http://dbpedia.org/resource/Bill_Clinton
Yuri Moiseev	http://dbpedia.org/resource/Yuri_Moiseev
lecturer	http://dbpedia.org/resource/Professors_in_the_United_States
Gunter Pauli	http://dbpedia.org/resource/Gunter_Pauli
Detroit	http://dbpedia.org/resource/Detroit
assistant professor	http://dbpedia.org/resource/Professors_in_the_United_States
Liberal	http://dbpedia.org/resource/Manitoba_Liberal_Party
John Quincy Adams	http://dbpedia.org/resource/John_Quincy_Adams
City University of New York Graduate Center	http://dbpedia.org/resource/The_Graduate_Center,_CUNY
William Pole	http://dbpedia.org/resource/William_Pole_(antiquary)
campaign manager	http://dbpedia.org/resource/Campaign_manager
East High School	http://dbpedia.org/resource/East_High_School_(Des_Moines)
Jack Conroy	http://dbpedia.org/resource/Jack_Conroy
Judge	http://dbpedia.org/resource/Judge
Springfield, Illinois	http://dbpedia.org/resource/Springfield,_Illinois
James Earley	NIL
Harvard University	http://dbpedia.org/resource/Harvard_University
Southampton	http://dbpedia.org/resource/Southampton,_Ontario
Auburn, New York	http://dbpedia.org/resource/Auburn,_New_York
Parsons School of Design	http://dbpedia.org/resource/Parsons_The_New_School_for_Design
educator	http://dbpedia.org/resource/Teacher
