Kusama	http://dbpedia.org/resource/Yayoi_Kusama
Andrew Struass	http://dbpedia.org/resource/Andrew_Strauss
Doc Holliday	http://dbpedia.org/resource/Doc_Holliday_(American_football)
Bay Bridge	http://dbpedia.org/resource/San_Francisco_â_Oakland_Bay_Bridge
Victor Conte	http://dbpedia.org/resource/Victor_Conte
Alejandro Mayorkas	http://aksw.org/notInWiki/Alejandro_Mayorkas
MVP	http://dbpedia.org/resource/Most_Valuable_Player
Seattle	http://dbpedia.org/resource/Seattle_Mariners
Mayo Clinic	http://dbpedia.org/resource/Mayo_Clinic
Manchester City	http://dbpedia.org/resource/Manchester_City_F.C.
CBS News	http://dbpedia.org/resource/CBS_News
Appalachian Power	http://dbpedia.org/resource/Appalachian_Power
GM	http://dbpedia.org/resource/General_Motors
Steve Peoples	http://aksw.org/notInWiki/Steve_Peoples
Jim Donnan	http://dbpedia.org/resource/Jim_Donnan
Jim Owen	http://aksw.org/notInWiki/Jim_Owen
Dr. Rahul Gupta	http://aksw.org/notInWiki/Rahul_Gupta
Manuel Pastor	http://aksw.org/notInWiki/Manuel_Pastor
Brody Benson	http://aksw.org/notInWiki/Brody_Benson
Alexandru Ivan	http://aksw.org/notInWiki/Alexandru_Ivan
Jeff Bezos	http://dbpedia.org/resource/Jeff_Bezos
Cincinnati	http://dbpedia.org/resource/Eric_Kearney
Jang	http://dbpedia.org/resource/Chang_Sung-taek
Dish Network	http://dbpedia.org/resource/Dish_Network
Gayle	http://dbpedia.org/resource/Chris_Gayle
Bradford Wilcox	http://dbpedia.org/resource/W._Bradford_Wilcox
Norwest Venture Partners	http://dbpedia.org/resource/Norwest_Venture_Partners
Tigers	http://aksw.org/notInWiki/Tigers
Brian Hemphill	http://aksw.org/notInWiki/Brian_Hemphill
Wright Blake	http://aksw.org/notInWiki/Wright_Blake
Associated Press	http://dbpedia.org/resource/Associated_Press
Jim Lowenstern	http://aksw.org/notInWiki/Jim_Lowenstern
IHS Cambridge Energy Research Associates	http://aksw.org/notInWiki/IHS_Cambridge_Energy_Research_Associates
Defense Force	http://dbpedia.org/resource/Australian_Defence_Force
Todd Watson	http://dbpedia.org/resource/Todd_Watson
Dawn Benner	http://aksw.org/notInWiki/Dawn_Benner
Animal Industry	http://aksw.org/notInWiki/Department_of_Animal_Industry
Army	http://dbpedia.org/resource/United_States_Army
Mina Andreeva	http://aksw.org/notInWiki/Mina_Andreeva
Seattle Mariners	http://dbpedia.org/resource/Seattle_Mariners
Knoxville Nationals	http://dbpedia.org/resource/Knoxville_Nationals
Traci Klein	http://aksw.org/notInWiki/Traci_Klein
Quincy High School	http://dbpedia.org/resource/Quincy_High_School_(Massachusetts)
Cornell	http://dbpedia.org/resource/Cornell_University
Brad Pitt	http://dbpedia.org/resource/Brad_Pitt
Jan Mendoza	http://aksw.org/notInWiki/Jan_Mendoza
Fyodor Lukyanov	http://aksw.org/notInWiki/Fyodor_Lukyanov
John Legend	http://dbpedia.org/resource/John_Legend
Sameet Sinha	http://aksw.org/notInWiki/Sameet_Sinha
Department	http://dbpedia.org/resource/United_States_Department_of_Education
Chris Wood	http://aksw.org/notInWiki/Chris_Wood_(Coach)
Bannock Streets	http://aksw.org/notInWiki/Bannock_Streets
France	http://dbpedia.org/resource/Tour_de_France
Tom Thibodeau	http://dbpedia.org/resource/Tom_Thibodeau
Herm Edwards	http://dbpedia.org/resource/Herman_Edwards
Yehudith Oppenheimer	http://aksw.org/notInWiki/Yehudith_Oppenheimer
England	http://dbpedia.org/resource/England_cricket_team
Goldman Sachs	http://dbpedia.org/resource/Goldman_Sachs
Clark-Johnson	http://aksw.org/notInWiki/Sue_Clark-Johnson
Cory Curtis	http://aksw.org/notInWiki/Cory_Curtis
Eric Anton	http://aksw.org/notInWiki/Eric_Anton
Automotive Consulting Group Inc.	http://aksw.org/notInWiki/Automotive_Consulting_Group_Inc.
Steve Jobs	http://dbpedia.org/resource/Steve_Jobs
U.S.	http://dbpedia.org/resource/United_States_Citizenship_and_Immigration_Services
France	http://dbpedia.org/resource/France_women's_national_basketball_team
Evangel Christian	http://aksw.org/notInWiki/Evangel_Christian
Justin Higgs	http://aksw.org/notInWiki/Justin_Higgs
Clark	http://aksw.org/notInWiki/Rick_Clark
Robert Wu	http://aksw.org/notInWiki/Robert_Wu
Jennifer Aniston	http://dbpedia.org/resource/Jennifer_Aniston
UCSF	http://dbpedia.org/resource/University_of_California,_San_Francisco
McKain	http://aksw.org/notInWiki/McKain
Mathieu	http://dbpedia.org/resource/Tyrann_Mathieu
Sgt. Paul Edwards	http://aksw.org/notInWiki/Paul_Edwards
Lido Gallery Lido Gallery & Gifts	http://aksw.org/notInWiki/Lido_Gallery_&_Gifts
Larry Lucchino	http://dbpedia.org/resource/Larry_Lucchino
Ken Allen	http://aksw.org/notInWiki/Ken_Allen
Chung Ru Lin	http://aksw.org/notInWiki/Chung_Ru_Lin
Nebraska	http://dbpedia.org/page/Nebraska_Cornhuskers_football
SECO	http://dbpedia.org/resource/State_Secretariat_for_Economic_Affairs
Orange County	http://aksw.org/notInWiki/Orange_County
Bill Lee	http://aksw.org/notInWiki/Bill_Lee
Marlene McClinton	http://aksw.org/notInWiki/Marlene_McClinton
Jones	http://dbpedia.org/resource/Thomas_David_Jones
Federation	http://dbpedia.org/resource/CEGEP
Alberto Contador	http://dbpedia.org/resource/Alberto_Contador
Council	http://aksw.org/notInWiki/Council_on_American-Islamic_Relations-Michigan
Brooklyn	http://dbpedia.org/resource/Brooklyn
Fuji Rock	http://aksw.org/notInWiki/Fuji_Rock
Josh Beckett	http://dbpedia.org/resource/Josh_Beckett
Cianbro	http://aksw.org/notInWiki/Cianbro
Asif Shahzad	http://aksw.org/notInWiki/Asif_Shahzad
Antiques Centre	http://aksw.org/notInWiki/Antiques_Centre_of_Troy
Control Yuan	http://dbpedia.org/resource/Control_Yuan
Maine State Police	http://dbpedia.org/resource/Maine_State_Police
Alabama	http://dbpedia.org/resource/University_of_Alabama
Joey Jackson	http://aksw.org/notInWiki/Joey_Jackson
Gregoire	http://aksw.org/notInWiki/Gregoire
Charles Elachi	http://dbpedia.org/resource/Charles_Elachi
Geothermal Energy Association	http://dbpedia.org/resource/Geothermal_Energy_Association
I.I.H.S.	http://dbpedia.org/resource/Insurance_Institute_for_Highway_Safety
Bethanie Mattek-Sands	http://dbpedia.org/resource/Bethanie_Mattek-Sands
Financial Supervisory Commission	http://dbpedia.org/resource/Financial_Supervisory_Commission_(Republic_of_China)
John	http://dbpedia.org/resource/John_Calipari
Britain	http://dbpedia.org/resource/Great_Britain
Leslie Moonves	http://dbpedia.org/resource/Leslie_Moonves
Chelsea	http://dbpedia.org/resource/Chelsea_F.C.
John Smoltz	http://dbpedia.org/resource/John_Smoltz
Hope Foundation	http://aksw.org/notInWiki/Garden_of_Hope_Foundation
Adrian Lund	http://aksw.org/notInWiki/Adrian_Lund
Kieve-Wavus	http://aksw.org/notInWiki/Kieve-Wavus
Kyle	http://aksw.org/notInWiki/Thomas_Kyle
Bruce Bochy	http://dbpedia.org/resource/Bruce_Bochy
MKA	http://dbpedia.org/resource/Montclair_Kimberley_Academy
LSU	http://dbpedia.org/resource/LSU_Tigers
Victor Mendez	http://dbpedia.org/resource/Victor_Mendez
Danny Kanner	http://aksw.org/notInWiki/Danny_Kanner
Stephen Colbert	http://dbpedia.org/resource/Stephen_Colbert
Home Cooking School	http://aksw.org/notInWiki/Home_Cooking_School
Klein	http://aksw.org/notInWiki/Glenda_Klein
Maine	http://dbpedia.org/resource/Maine
Madonna	http://dbpedia.org/resource/Madonna_(entertainer)
MU	http://dbpedia.org/resource/Marshall_University
Robin Hasse	http://aksw.org/notInWiki/Robin_Hasse
Sports Medicine and Shoulder Service	http://aksw.org/notInWiki/Sports_Medicine_and_Shoulder_Service
Baltimore Orioles	http://dbpedia.org/resource/Baltimore_Orioles
Henry Kennedy	http://dbpedia.org/resource/Henry_H._Kennedy,_Jr.
Argentina	http://dbpedia.org/resource/Argentina_national_football_team
Alan Spinniken	http://aksw.org/notInWiki/Alan_Spinniken
Hampden	http://dbpedia.org/resource/Hampden_Academy
English Premier League	http://dbpedia.org/resource/Premier_League
Honolulu	http://aksw.org/notInWiki/Ralph_Honma
Justin Draeger	http://aksw.org/notInWiki/Justin_Draeger
Affordable Care Act	http://dbpedia.org/resource/Patient_Protection_and_Affordable_Care_Act
Joseph Schwebel	http://aksw.org/notInWiki/Joseph_Schwebel
Gabriel Boric	http://aksw.org/notInWiki/Gabriel_Boric
Adria MacKenzie	http://aksw.org/notInWiki/Adria_MacKenzie
Eslite	http://dbpedia.org/resource/Eslite_Bookstore
Maine State Museum Commission	http://aksw.org/notInWiki/Maine_State_Museum_Commission
Jon Klein	http://dbpedia.org/resource/Jonathan_Klein_(CNN)
Johnny Pesky	http://dbpedia.org/resource/Johnny_Pesky
Beverly Heritage Center	http://aksw.org/notInWiki/Beverly_Heritage_Center
Development Authority	http://aksw.org/notInWiki/Development_Authority
Gannett	http://dbpedia.org/resource/Gannett_Company
Meissen Chang	http://aksw.org/notInWiki/Meissen_Chang
Max Laulie	http://aksw.org/notInWiki/Max_Laulie
Andrew Strauss	http://dbpedia.org/resource/Andrew_Strauss
Eric Wedge	http://dbpedia.org/resource/Eric_Wedge
Rhee	http://dbpedia.org/resource/Michelle_Rhee
Joint Chiefs	http://dbpedia.org/resource/Joint_Chiefs_of_Staff
Elie Baup	http://dbpedia.org/resource/Élie_Baup
Washington	http://dbpedia.org/resource/Washington,_D.C.
South Charleston Convention	http://aksw.org/notInWiki/South_Charleston_Convention_and_Visitors_Bureau
Centers	http://dbpedia.org/resource/Centers_for_Disease_Control_and_Prevention
Environmental Entrepreneurs	http://aksw.org/notInWiki/Environmental_Entrepreneurs
Boston	http://dbpedia.org/resource/Boston_Red_Sox
LaVern Phillips	http://aksw.org/notInWiki/LaVern_Phillips
Helen Gurley Brown	http://dbpedia.org/resource/Helen_Gurley_Brown
Cardinals	http://dbpedia.org/resource/Arizona_Cardinals
Obama	http://dbpedia.org/resource/Barack_Obama
Erskine	http://aksw.org/notInWiki/Erskine
Daniel Yergin	http://dbpedia.org/resource/Daniel_Yergin
Boise National Forest	http://dbpedia.org/resource/Boise_National_Forest
Dan Bell	http://aksw.org/notInWiki/Dan_Bell
AFP	http://dbpedia.org/resource/Agence_France-Presse
Cleveland	http://dbpedia.org/resource/Cleveland_Browns
Liddell	http://dbpedia.org/resource/Eric_Liddell
Health Statistics	http://dbpedia.org/resource/National_Center_for_Health_Statistics
Boulevard	http://aksw.org/notInWiki/Boulevard_and_Trumbull_Towing
Chad Lojewski	http://aksw.org/notInWiki/Chad_Lojewski
Belgrade Lakes	http://dbpedia.org/resource/Belgrade,_Maine
Charlie	http://aksw.org/notInWiki/Charlie
Keith Bodine	http://aksw.org/notInWiki/Keith_Bodine
Portland	http://dbpedia.org/resource/Portland,_Maine
West Virginia	http://dbpedia.org/resource/West_Virginia
Citizens for Responsibility and Ethics in Washington	http://dbpedia.org/resource/Citizens_for_Responsibility_and_Ethics_in_Washington
Fiore	http://aksw.org/notInWiki/Gasper_Fiore
Army Gen. Martin Dempsey	http://dbpedia.org/resource/Martin_Dempsey
Claudio Sabatini	http://aksw.org/notInWiki/Claudio_Sabatini
Drew Karedes	http://aksw.org/notInWiki/Drew_Karedes
Kyle Olson	http://aksw.org/notInWiki/Kyle_Olson
Hawaii Cattlemen	http://aksw.org/notInWiki/Hawaii_Cattlemens_Council
Earle	http://aksw.org/notInWiki/Liza_Earle
Illinois	http://dbpedia.org/resource/Illinois
Melanie Sloan	http://dbpedia.org/resource/Melanie_Sloan
Harbin Pacific Electric	http://aksw.org/notInWiki/Harbin_Pacific_Electric
Jenkins	http://aksw.org/notInWiki/Jenkins
Giroux	http://aksw.org/notInWiki/Giroux
Jacqueline Maguire	http://aksw.org/notInWiki/Jacqueline_Maguire
Los Angeles Lakers	http://dbpedia.org/resource/Los_Angeles_Lakers
St. Joseph	http://dbpedia.org/resource/St._Joseph_Medical_Center
Italy	http://aksw.org/notInWiki/Italian_Rhythmic_Gymnastics_Team
Sgt. Tom Lovejoy	http://aksw.org/notInWiki/Tom_Lovejoy
Hu	http://aksw.org/notInWiki/Hu_Sheng-cheng
Gene	http://aksw.org/notInWiki/Gene_Griffiss
GOP	http://dbpedia.org/resource/Republican_Party_(United_States)
Defense Ministry	http://dbpedia.org/resource/Ministry_of_Defence_(Czech_Republic)
Clinton	http://dbpedia.org/resource/Clinton,_Ontario
Larry Fitzgerald	http://dbpedia.org/resource/Larry_Fitzgerald
Cain	http://aksw.org/notInWiki/Brandon_Cain
Greg Shipley	http://aksw.org/notInWiki/Greg_Shipley
Ferguson	http://aksw.org/notInWiki/Bobby_Ferguson
Clem Sunter	http://aksw.org/notInWiki/Clem_Sunter
Japan	http://dbpedia.org/resource/Japan
Elder Walker	http://aksw.org/notInWiki/Elder_Walker
Pew Research Center 's Internet and American Life Project	http://aksw.org/notInWiki/Pew_Internet_and_American_Life_Project
Bobby Valentine	http://dbpedia.org/resource/Bobby_Valentine
Maloney	http://dbpedia.org/resource/Bill_Maloney
Hu Zhanfan	http://aksw.org/notInWiki/Hu_Zhanfan
Lightning	http://dbpedia.org/resource/Tampa_Bay_Lightning
Evans Disposal	http://aksw.org/notInWiki/Evans_Disposal
Bill McDonough	http://aksw.org/notInWiki/Bill_McDonough
DMV	http://dbpedia.org/resource/Department_of_Motor_Vehicles
Hearst Corp.	http://dbpedia.org/resource/Hearst_Corporation
Communist Party	http://dbpedia.org/resource/Communist_Party_of_China
Paul O’Malley	http://aksw.org/notInWiki/Paul_OâMalley
Apple	http://dbpedia.org/resource/Apple_Inc.
Semenya	http://dbpedia.org/resource/Caster_Semenya
Homeland Security	http://dbpedia.org/resource/United_States_Department_of_Homeland_Security
Carolina	http://dbpedia.org/resource/Carolina_Panthers
Morgan Durrant	http://aksw.org/notInWiki/Morgan_Durrant
Federer	http://dbpedia.org/resource/Roger_Federer
Internet REIT	http://aksw.org/notInWiki/Internet_REIT
Young Appliance	http://aksw.org/notInWiki/Young_Appliance
Andrew Nickelhoff	http://aksw.org/notInWiki/Andrew_Nickelhoff
Frenchman Laurent Fignon	http://dbpedia.org/resource/Laurent_Fignon
Donny Schatz	http://dbpedia.org/resource/Donny_Schatz
Mohr Davidow Ventures	http://dbpedia.org/resource/Mohr_Davidow_Ventures
Tan	http://aksw.org/notInWiki/Tan_Ching-ting
Bustos	http://aksw.org/notInWiki/Ilda_Bustos
Rangeley Lakes Heritage Trust	http://aksw.org/notInWiki/Rangeley_Lakes_Heritage_Trust
BIMP-EAGA Mountain Bike	http://dbpedia.org/resource/BIMP-EAGA
Anand Kumar	http://aksw.org/notInWiki/Anand_Kumar
Coal Council	http://aksw.org/notInWiki/American_Coal_Council
Stanford Design Program	http://aksw.org/notInWiki/Stanford_Design_Program
Kalpana Patel	http://aksw.org/notInWiki/Kalpana_Patel
Rico Brogna	http://dbpedia.org/resource/Rico_Brogna
Bud Bunce	http://aksw.org/notInWiki/Bud_Bunce
Heard	http://aksw.org/notInWiki/Robert_Stefan_Heard
Justice Department	http://dbpedia.org/resource/United_States_Department_of_Justice
Beverly Jo Harris	http://aksw.org/notInWiki/Beverly_Jo_Harris
Football Association of Ireland	http://dbpedia.org/resource/Football_Association_of_Ireland
Roseburg	http://dbpedia.org/resource/Roseburg,_Oregon
Highland Capital Partners	http://dbpedia.org/resource/Highland_Capital_Partners
Demailly	http://aksw.org/notInWiki/Gilles_Demailly
Dr. Sheila Pinette	http://aksw.org/notInWiki/Sheila_Pinette
Ryan Simms	http://aksw.org/notInWiki/Ryan_Simms
Karl Gawell	http://aksw.org/notInWiki/Karl_Gawell
San Francisco Police Commission	http://aksw.org/notInWiki/San_Francisco_Police_Commission
Bridgemont Community	http://dbpedia.org/resource/Bridgemont_Community_and_Technical_College
Duncan	http://dbpedia.org/resource/Arne_Duncan
Karin	http://aksw.org/notInWiki/Karin
Hanwha Group	http://aksw.org/notInWiki/Hanwha_Group
Aurora	http://dbpedia.org/resource/Aurora,_Colorado
Jon Hurst	http://aksw.org/notInWiki/Jon_Hurst
David Runk	http://aksw.org/notInWiki/David_Runk
Maryland State Police	http://dbpedia.org/resource/Maryland_State_Police
Cosmo	http://dbpedia.org/resource/Cosmopolitan_(magazine)
CapStone Investments	http://aksw.org/notInWiki/CapStone_Investments
Kelley Blue Book	http://dbpedia.org/resource/Kelley_Blue_Book
Craftsmen Guild	http://aksw.org/notInWiki/Carolina_Designer_Craftsmen_Guild
Rory Maher	http://aksw.org/notInWiki/Rory_Maher
Sandra Park	http://aksw.org/notInWiki/Sandra_Park
Davie	http://dbpedia.org/resource/Davie,_Florida
November	http://dbpedia.org/resource/November
AIBA	http://aksw.org/notInWiki/International_Boxing_Association
Education Secretary Arne Duncan	http://dbpedia.org/resource/Arne_Duncan
ESPN	http://dbpedia.org/resource/ESPN_(United_States)
Baltimore	http://dbpedia.org/resource/Baltimore_Orioles
CNN	http://dbpedia.org/resource/CNN
Dr. Tim Richards	http://aksw.org/notInWiki/Tim_Richards
Jonathan Roth	http://aksw.org/notInWiki/Jonathan_Roth
Edwards Air Force Base	http://dbpedia.org/resource/Edwards_Air_Force_Base
Daytona	http://dbpedia.org/resource/Daytona_Beach,_Florida
Children 's Hospital	http://dbpedia.org/resource/Cincinnati_Children's_Hospital_Medical_Center
Port Authority	http://dbpedia.org/resource/Port_authority
Bed Bath	http://dbpedia.org/resource/Bed_Bath_&_Beyond
Sheik Hassan Nasrallah	http://dbpedia.org/resource/Hassan_Nasrallah
Steve Smith	http://aksw.org/notInWiki/Steve_Smith_(wide_receiver,_born_1979)
Col. Hagen Messer	http://aksw.org/notInWiki/Hagen_Messer
BALCO	http://dbpedia.org/resource/Bay_Area_Laboratory_Co-operative
Diane Ako	http://aksw.org/notInWiki/Diane_Ako
Charles Aris	http://aksw.org/notInWiki/Charles_Aris
Spreck Rosekrans	http://aksw.org/notInWiki/Spreck_Rosekrans
Cupsuptic Lake	http://aksw.org/notInWiki/Cupsuptic_Lake
Angus Houston	http://dbpedia.org/resource/Angus_Houston
Lewiston High School	http://dbpedia.org/resource/Lewiston_High_School
Young Young & Hungry	http://aksw.org/notInWiki/Young_&_Hungry
Rick Steelhammer	http://aksw.org/notInWiki/Rick_Steelhammer
Steve McCausland	http://aksw.org/notInWiki/Steve_McCausland
Gala Riani	http://aksw.org/notInWiki/Gala_Riani
Pittsburgh Steelers	http://dbpedia.org/resource/Pittsburgh_Steelers
Paterson Housing Authority	http://aksw.org/notInWiki/Paterson_Housing_Authority
Georgia	http://dbpedia.org/resource/Georgia_(country)
Sebastian Coe	http://dbpedia.org/resource/Sebastian_Coe
FA Cup	http://dbpedia.org/resource/FA_Cup
Eric Tucker	http://aksw.org/notInWiki/Eric_Tucker
Douglas Arthur	http://aksw.org/notInWiki/Douglas_Arthur
Keith Johnson	http://aksw.org/notInWiki/Keith_Johnson
Marshall	http://dbpedia.org/resource/Marshall_Thundering_Herd_football
Dragon	http://aksw.org/notInWiki/JHS_Dragons
Boston	http://dbpedia.org/resource/Boston
Kelsey Grammer	http://dbpedia.org/resource/Kelsey_Grammer
Wang Yilin	http://aksw.org/notInWiki/Wang_Yilin
Nasdaq	http://dbpedia.org/resource/NASDAQ
Jean Beauchesne	http://aksw.org/notInWiki/Jean_Beauchesne
Kentucky	http://dbpedia.org/resource/Republican_Party_of_Kentucky
Federal Highway Administration	http://dbpedia.org/resource/Federal_Highway_Administration
Charles J. Micoleau	http://aksw.org/notInWiki/Charles_J._Micoleau
Dodgers	http://dbpedia.org/resource/Los_Angeles_Dodgers
Kanawha	http://aksw.org/notInWiki/Kanawha-Charleston_Health_Department
Douglas Inn	http://aksw.org/notInWiki/Douglas_Inn
Brian Smith	http://aksw.org/notInWiki/Brian_Smith_(Coach)
National Hydropower Association	http://dbpedia.org/resource/National_Hydropower_Association
Middle East	http://aksw.org/notInWiki/Middle_East_analysis_Control_Risks
Gazette	http://dbpedia.org/resource/The_Charleston_Gazette
Kara Williams	http://aksw.org/notInWiki/Kara_Williams
Joey Cabell	http://aksw.org/notInWiki/Joey_Cabell
Carroll College	http://dbpedia.org/resource/Carroll_College_(Montana)
Michigan Supreme Court	http://dbpedia.org/resource/Michigan_Supreme_Court
Brady Smith	http://aksw.org/notInWiki/Brady_Smith
Amina	http://aksw.org/notInWiki/Amina
Executive Yuan	http://dbpedia.org/resource/Executive_Yuan
Halekulani PR	http://aksw.org/notInWiki/Halekulani_PR
Kathy Dawkins	http://aksw.org/notInWiki/Kathy_Dawkins
Russia in Global Affairs	http://dbpedia.org/resource/Russia_in_Global_Affairs
Edison Electric Institute	http://dbpedia.org/resource/Edison_Electric_Institute
Anthony Majestro	http://aksw.org/notInWiki/Anthony_Majestro
Chandler	http://aksw.org/notInWiki/Chandler,_Arizona
British Airways	http://dbpedia.org/resource/British_Airways
Amazon	http://dbpedia.org/resource/Amazon.com
Young Brothers	http://aksw.org/notInWiki/Young_Brothers
Linda Church Ciocci	http://aksw.org/notInWiki/Linda_Church_Ciocci
Hendrick Motorsports	http://dbpedia.org/resource/Hendrick_Motorsports
John Holahan	http://aksw.org/notInWiki/John_Holahan
Salt Lake Valley Health Department	http://aksw.org/notInWiki/Salt_Lake_Valley_Health_Department
Maplecroft	http://dbpedia.org/resource/Maplecroft
Gregoire	http://dbpedia.org/resource/Christine_Gregoire
Robyn Kneubuhl	http://aksw.org/notInWiki/Robyn_Kneubuhl
ACLU	http://dbpedia.org/resource/American_Civil_Liberties_Union
Roger Phillimore	http://aksw.org/notInWiki/Roger_Phillimore
FCC	http://dbpedia.org/resource/Federal_Communications_Commission
Kentucky Distillers	http://aksw.org/notInWiki/Kentucky_Distillers_Association
U.S. Chemical Safety Board	http://dbpedia.org/resource/U.S._Chemical_Safety_and_Hazard_Investigation_Board
Tucson	http://dbpedia.org/resource/Tucson,_Arizona
Gatineau	http://dbpedia.org/resource/Gatineau
Donnan	http://aksw.org/notInWiki/Donnan
Detroit	http://dbpedia.org/resource/Detroit
Eneco Tour	http://dbpedia.org/resource/Eneco_Tour
Rep. John Adams	http://dbpedia.org/resource/John_Adams
Bill Ericson	http://aksw.org/notInWiki/Bill_Ericson
Michael Campbell	http://aksw.org/notInWiki/Michael_Campbell
Indianapolis	http://dbpedia.org/resource/Indianapolis
NASA	http://dbpedia.org/resource/Jet_Propulsion_Laboratory
Donald Young	http://dbpedia.org/resource/Donald_Young_(tennis)
Industrial Foundation	http://aksw.org/notInWiki/Woodward_Industrial_Foundation
Katie Carey	http://aksw.org/notInWiki/Katie_Carey
Bordt	http://aksw.org/notInWiki/Marianne_Bordt
Athens Regional Medical Center	http://dbpedia.org/resource/Athens_Regional_Medical_Center
Jonelle Kearney	http://aksw.org/notInWiki/Jonelle_Kearney
Japan Immigration Policy Institute	http://aksw.org/notInWiki/Japan_Immigration_Policy_Institute
Alan Rifkin	http://aksw.org/notInWiki/Alan_Rifkin_(Analyst)
Ewa Beach	http://dbpedia.org/resource/Ê»Ewa_Beach,_Hawaii
Bob Hamer	http://aksw.org/notInWiki/Bob_Hamer
Kayla	http://dbpedia.org/resource/Kayla_Harrison
Buck Feist	http://aksw.org/notInWiki/Buck_Feist
Bowl	http://dbpedia.org/resource/Pro_Bowl
Francois Legault	http://dbpedia.org/resource/FranÃ§ois_Legault
Julius Genachowski	http://dbpedia.org/resource/Julius_Genachowski
Ryan	http://dbpedia.org/resource/Paul_Ryan
Leslie Drake	http://aksw.org/notInWiki/Leslie_Drake
Mariners	http://dbpedia.org/resource/Seattle_Mariners
Benhabib	http://aksw.org/notInWiki/Djemila_Benhabib
Dish	http://dbpedia.org/resource/Dish_Network
Commission	http://aksw.org/notInWiki/Commission
Carrie Byalick	http://aksw.org/notInWiki/Carrie_Byalick
Chicago White Sox	http://dbpedia.org/resource/Chicago_White_Sox
Barbara Yeninas	http://aksw.org/notInWiki/Barbara_Yeninas
Gabor Vona	http://dbpedia.org/resource/GÃ¡bor_Vona
Bluescope	http://dbpedia.org/resource/BlueScope_Steel
Les Miles	http://dbpedia.org/resource/Les_Miles
Kobe Bryant	http://dbpedia.org/resource/Kobe_Bryant
Williamson	http://aksw.org/notInWiki/Cleon_Williamson
Brendan Cassar	http://aksw.org/notInWiki/Brendan_Cassar
Engstrom	http://aksw.org/notInWiki/Rob_Engstrom
Brinker	http://dbpedia.org/resource/Nancy_Brinker
Banny Banerjee	http://aksw.org/notInWiki/Banny_Banerjee
Dr. Moran	http://aksw.org/notInWiki/Benjamin_J._Moran
Lynn La	http://aksw.org/notInWiki/Lynn_La
Dunkin' Donuts	http://dbpedia.org/resource/Dunkin'_Donuts
University of Chile student federation	http://aksw.org/notInWiki/University_of_Chile_Student_Federation
European Commission	http://dbpedia.org/resource/European_Commission
France	http://dbpedia.org/resource/France_national_football_team
Cashier 's Office	http://aksw.org/notInWiki/Council_Desmond_Thomas_Cashier_'s_Office
Schwebel Baking Co.	http://aksw.org/notInWiki/Schwebel_Baking_Co.
Holloway	http://aksw.org/notInWiki/Corrie_Holloway
David Neustadt	http://aksw.org/notInWiki/David_Neustadt
Capital Art Center	http://aksw.org/notInWiki/Capital_Art_Center
Jodi Tinson	http://aksw.org/notInWiki/Jodi_Tinson
Denver	http://dbpedia.org/resource/Denver
Seth Borenstein	http://aksw.org/notInWiki/Seth_Borenstein
KHOU	http://dbpedia.org/resource/KHOU_(TV)
Fame	http://dbpedia.org/resource/Hall_of_fame
Mitt Romney	http://dbpedia.org/resource/Mitt_Romney
Liza Cordeiro	http://aksw.org/notInWiki/Liza_Cordeiro
Peter O'Malley	http://dbpedia.org/resource/Peter_O'Malley
Jana Zechmeisterová	http://aksw.org/notInWiki/Jana_ZechmeisterovÃ¡
Todd Kenreck	http://aksw.org/notInWiki/Todd_Kenreck
Angelique Kerber	http://dbpedia.org/resource/Angelique_Kerber
Columbus	http://dbpedia.org/resource/Columbus,_Ohio
Mary	http://aksw.org/notInWiki/Mary
Jahlil	http://aksw.org/notInWiki/Jahlil
B. Riley & Co	http://aksw.org/notInWiki/B._Riley_&_Co
Bruno Ferrante	http://dbpedia.org/resource/Bruno_Ferrante
Maradona	http://dbpedia.org/resource/Diego_Maradona
Hidenori Sakanaka	http://aksw.org/notInWiki/Hidenori_Sakanaka
Alec Gutierrez	http://aksw.org/notInWiki/Alec_Gutierrez
Foley	http://dbpedia.org/resource/Foley,_Alabama
Kurla	http://dbpedia.org/resource/Kurla
Dallas Educational Foundation	http://aksw.org/notInWiki/Dallas_Educational_Foundation
Colorado	http://aksw.org/notInWiki/Colorado_College_Tigers
Kahn	http://aksw.org/notInWiki/Kenneth_Kahn
Daily News	http://aksw.org/notInWiki/Daily_News
Dawud Walid	http://aksw.org/notInWiki/Dawud_Walid
Boston Red Sox	http://dbpedia.org/resource/Boston_Red_Sox
CCA	http://dbpedia.org/resource/Corrections_Corporation_of_America
Route 29 Batman	http://aksw.org/notInWiki/Route_29_Batman
Maine	http://dbpedia.org/resource/New_England_Cable_News
Becky	http://aksw.org/notInWiki/Becky
Lou Molella	http://aksw.org/notInWiki/Lou_Molella
Marcia McBrien	http://aksw.org/notInWiki/Marcia_McBrien
Former Marshall University	http://dbpedia.org/resource/Marshall_University
Appalachian	http://dbpedia.org/resource/Appalachian_Trail_Conservancy
Highland	http://aksw.org/notInWiki/Highland_Rugby
London	http://dbpedia.org/resource/London
Laura Coale	http://aksw.org/notInWiki/Laura_Coale
Hu	http://aksw.org/notInWiki/Hu_Yu-wei
Emma	http://aksw.org/notInWiki/Emma_Veary
Frank Bajak	http://aksw.org/notInWiki/Frank_Bajak
State Secretariat for Economic Affairs	http://dbpedia.org/resource/State_Secretariat_for_Economic_Affairs
Chen	http://aksw.org/notInWiki/Chen_Chung-hsing
Dave Olson	http://aksw.org/notInWiki/Dave_Olson
Giang	http://aksw.org/notInWiki/Giang
Archdiocese	http://dbpedia.org/resource/Roman_Catholic_Archdiocese_of_Portland_in_Oregon
Deputy PM	http://aksw.org/notInWiki/Deputy_PM
Butler Art Museum	http://aksw.org/notInWiki/Butler_Art_Museum
California Department	http://aksw.org/notInWiki/California_Department_of_Forestry_and_Fire_Protection
Pleasant Street neighborhood network center	http://aksw.org/notInWiki/Pleasant_Street_neighborhood_network_center
Kansas City Chiefs	http://dbpedia.org/resource/Kansas_City_Chiefs
Sarah Rogers	http://aksw.org/notInWiki/Sarah_Rogers
John Haire	http://aksw.org/notInWiki/John_Haire
Republican Party	http://dbpedia.org/resource/Republican_Party_of_Kentucky
Debbie Kozak	http://aksw.org/notInWiki/Debbie_Kozak
Bob Anderson	http://aksw.org/notInWiki/Bob_Anderson
Hezbollah	http://dbpedia.org/resource/Hezbollah
Gary Edwards	http://aksw.org/notInWiki/Gary_Edwards
Casey	http://aksw.org/notInWiki/Casey_Guerrero
Alex Rigopulos	http://dbpedia.org/resource/Alex_Rigopulos
Nicholas County Solid Waste Authority	http://aksw.org/notInWiki/Nicholas_County_Solid_Waste_Authority
Health Policy Center	http://aksw.org/notInWiki/Health_Policy_Center
Classic Auto Showplace Ltd.	http://aksw.org/notInWiki/Classic_Auto_Showplace_Ltd.
Chad Johnson	http://dbpedia.org/resource/Chad_Johnson_(cornerback)
Charleston Civic Center Little Theater	http://aksw.org/notInWiki/Charleston_Civic_Center_Little_Theater
FBI	http://dbpedia.org/resource/Federal_Bureau_of_Investigation
Libertyville	http://dbpedia.org/resource/Libertyville,_Illinois
Abhijeet Group	http://aksw.org/notInWiki/Abhijeet_Group
Lonmin PLC	http://dbpedia.org/resource/Lonmin
China	http://dbpedia.org/resource/China
Judith Albert	http://aksw.org/notInWiki/Judith_Albert
Former Major League	http://dbpedia.org/resource/Major_League_Baseball
Lawrence	http://aksw.org/notInWiki/Lawrence_Vikings_football
L.L. Bean	http://dbpedia.org/resource/L.L.Bean
McCarran	http://aksw.org/notInWiki/McCarran
Jaycee Caylor	http://aksw.org/notInWiki/Jaycee_Caylor
Boingo Wireless	http://dbpedia.org/resource/Boingo_Wireless
Hernandez	http://dbpedia.org/resource/FÃ©lix_HernÃ¡ndez
Ir Amim	http://dbpedia.org/resource/Ir_Amim
U.S.-Japan Council	http://aksw.org/notInWiki/U.S.-Japan_Council
Bob Martin	http://aksw.org/notInWiki/Bob_Martin
Summers	http://dbpedia.org/resource/Charles_E._Summers,_Jr.
Bafetimbi Gomis	http://dbpedia.org/resource/BafÃ©timbi_Gomis
Senkaku	http://dbpedia.org/resource/Senkaku_Islands
Catherine Crump	http://aksw.org/notInWiki/Catherine_Crump
BMC	http://dbpedia.org/resource/BMC_Racing_Team
CVS MinuteClinic	http://aksw.org/notInWiki/CVS_MinuteClinic
Choice Bakery	http://aksw.org/notInWiki/Choice_Bakery
Lynitrah Woodson	http://aksw.org/notInWiki/Lynitrah_Woodson
Bernard Hinault	http://dbpedia.org/resource/Bernard_Hinault
Army General Martin E. Dempsey	http://dbpedia.org/resource/Martin_Dempsey
Conway	http://dbpedia.org/resource/Conway,_Arkansas
Jeff Crowe	http://dbpedia.org/resource/Jeff_Crowe
Carolyn Beem	http://aksw.org/notInWiki/Carolyn_Beem
Australia	http://dbpedia.org/resource/Casey_Dellacqua
Heather Taylor-Miesle	http://aksw.org/notInWiki/Heather_Taylor-Miesle
Eric Gregory	http://aksw.org/notInWiki/Eric_Gregory
Beijing	http://dbpedia.org/resource/Beijing
Tom Rist	http://aksw.org/notInWiki/Tom_Rist
Ambassador Bridge	http://dbpedia.org/resource/Ambassador_Bridge
Marseille	http://dbpedia.org/resource/Olympique_de_Marseille
Geno Auriemma	http://dbpedia.org/resource/Geno_Auriemma
Environmental Defense	http://dbpedia.org/resource/Environmental_Defense_Fund
Ireland	http://dbpedia.org/resource/Ireland,_West_Virginia
Julie Pace	http://aksw.org/notInWiki/Julie_Pace
Al Shabaab	http://dbpedia.org/resource/Al-Shabaab
Josh Niblett	http://aksw.org/notInWiki/Josh_Niblett
Dan Marino	http://dbpedia.org/resource/Dan_Marino
Marc Henderson	http://aksw.org/notInWiki/Marc_Henderson
Sen. Leland Yee	http://dbpedia.org/resource/Leland_Yee
Corey Mulloy	http://aksw.org/notInWiki/Corey_Mulloy
Evercore Partners	http://dbpedia.org/resource/Evercore_Partners
Lt. Col. Aguilar	http://aksw.org/notInWiki/Jose_Aguilar
Darrell Brock	http://aksw.org/notInWiki/Darrell_Brock
Navy	http://dbpedia.org/resource/United_States_Navy
Bo Xilai	http://dbpedia.org/resource/Bo_Xilai
Thompson	http://aksw.org/notInWiki/Thompson
Taipei City Women 's Rescue Foundation	http://aksw.org/notInWiki/Taipei_City_Womens_Rescue_Foundation
Andrew Sussman	http://aksw.org/notInWiki/Andrew_Sussman
Kenny	http://aksw.org/notInWiki/Kenny_the_Clown
John Hersom	http://aksw.org/notInWiki/John_Hersom
Chris Lin	http://aksw.org/notInWiki/Chris_Lin
Jesse Levine	http://dbpedia.org/resource/Jesse_Levine
Aiea	http://dbpedia.org/resource/Aiea,_Hawaii
Mr. Lai	http://aksw.org/notInWiki/Mr._Lai's_defense_team
Chris Stadelman	http://aksw.org/notInWiki/Chris_Stadelman
Daiwa Capital Markets	http://aksw.org/notInWiki/Daiwa_Capital_Markets
Kim	http://aksw.org/notInWiki/Kim_Seung-youn
Lee	http://aksw.org/notInWiki/Lee
Arizona Cardinals	http://dbpedia.org/resource/Arizona_Cardinals
Bernard Tomic	http://dbpedia.org/resource/Bernard_Tomic
London Games	http://dbpedia.org/resource/London_Olympics
Kang Shu-hua	http://aksw.org/notInWiki/Kang_Shu-hua
Judy Frankel Antiques	http://aksw.org/notInWiki/Judy_Frankel_Antiques
Chicago	http://dbpedia.org/resource/Chicago
ILVA	http://dbpedia.org/resource/ILVA
United States	http://dbpedia.org/resource/United_States
Jeff Myers	http://aksw.org/notInWiki/Jeff_Myers
Jackson County	http://aksw.org/notInWiki/Jackson_County_Volleyball
David Clack	http://aksw.org/notInWiki/David_Clack
City	http://aksw.org/notInWiki/City_of_Colleges
Terry Hackney	http://aksw.org/notInWiki/Terry_Hackney
Kim Shaver	http://aksw.org/notInWiki/Kim_Shaver
Andrea Hlavackova	http://dbpedia.org/resource/Andrea_HlavÃ¡ÄkovÃ¡
George Mason University	http://dbpedia.org/resource/George_Mason_University
Felix Hernandez	http://dbpedia.org/resource/FÃ©lix_HernÃ¡ndez
Charles Aznavour	http://dbpedia.org/resource/Charles_Aznavour
Knupp	http://aksw.org/notInWiki/Dee_Knupp
David Shepardson	http://aksw.org/notInWiki/David_Shepardson
President Ma Ying-jeou	http://dbpedia.org/resource/Ma_Ying-jeou
Louis Zona	http://aksw.org/notInWiki/Louis_Zona
Apple Inc.	http://dbpedia.org/resource/Steve_Jobs
Greater Portland Landmarks	http://aksw.org/notInWiki/Greater_Portland_Landmarks
Natural Resources Defense Council Action Fund	http://aksw.org/notInWiki/Natural_Resources_Defense_Council_Action_Fund
Champion	http://aksw.org/notInWiki/Robert_Champion
Angela Chan	http://aksw.org/notInWiki/Angela_Chan
Mumbai	http://dbpedia.org/resource/Mumbai
DPS	http://dbpedia.org/resource/Department_of_Public_Safety
Italy	http://dbpedia.org/resource/Italy_national_football_team
Carlo Fusco	http://aksw.org/notInWiki/Carlo_Fusco
Andrew Fishkin	http://aksw.org/notInWiki/Andrew_Fishkin
Canada	http://dbpedia.org/resource/General_Motors_Canada
Uganda	http://dbpedia.org/resource/Uganda
Fayetteville	http://dbpedia.org/resource/Fayetteville,_West_Virginia
Bednarik	http://dbpedia.org/resource/Chuck_Bednarik_Award
New York Medical College	http://dbpedia.org/resource/New_York_Medical_College
DuMouchelle Art Galleries	http://aksw.org/notInWiki/DuMouchelle_Art_Galleries
Madrid	http://dbpedia.org/resource/Real_Madrid_C.F.
U.S.	http://dbpedia.org/resource/United_States
Yang	http://aksw.org/notInWiki/Yang_Mei-ling
Oakland County	http://dbpedia.org/resource/Oakland_County,_Michigan
Christine Mann	http://aksw.org/notInWiki/Christine_Mann
Moosehead Lake Region Chamber	http://aksw.org/notInWiki/Moosehead_Lake_Region_Chamber
CBS NFL	http://aksw.org/notInWiki/CBS_NFL
Romeo Crennel	http://dbpedia.org/resource/Romeo_Crennel
Andreas Seppi	http://dbpedia.org/resource/Andreas_Seppi
Bridgemont Community	http://aksw.org/notInWiki/Bridgemont_Community
Atlanta	http://dbpedia.org/resource/Atlanta
Darrell Brock	http://dbpedia.org/resource/Darrell_Brock_Jr.
Hospital	http://dbpedia.org/resource/National_Taiwan_University_Hospital
B.C. Civil Rights Association	http://aksw.org/notInWiki/B.C._Civil_Rights_Association
Michael Irvin	http://dbpedia.org/resource/Michael_Irvin
Houston Airports	http://dbpedia.org/resource/Houston_Airport
Doc Holliday	http://dbpedia.org/resource/Doc_Holliday_(American_football)
Amnesty International	http://dbpedia.org/resource/Amnesty_International
Kentucky	http://dbpedia.org/resource/Kentucky_Wildcats
Fox	http://dbpedia.org/resource/Fox
Terri Bowman	http://aksw.org/notInWiki/Terri_Bowman
Craig Johnson	http://aksw.org/notInWiki/Craig_Johnson
Dennis Huang	http://aksw.org/notInWiki/Dennis_Huang
Kristina King	http://aksw.org/notInWiki/Kristina_King
Maruti	http://dbpedia.org/resource/Maruti_Suzuki
Lance Armstrong	http://dbpedia.org/resource/Lance_Armstrong
Anglo American Chairman	http://aksw.org/notInWiki/Anglo_American_Chairman's_Fund
Bart Ney	http://aksw.org/notInWiki/Bart_Ney
Chris Enochs	http://aksw.org/notInWiki/Chris_Enochs
Hoover	http://dbpedia.org/resource/Hoover,_Alabama
Cowboys	http://dbpedia.org/resource/Dallas_Cowboys
Miriam	http://aksw.org/notInWiki/Miriam_Adelson
Bazzie	http://aksw.org/notInWiki/Bazzie
California	http://dbpedia.org/resource/Occupational_safety_and_health
Erika Monterroza	http://aksw.org/notInWiki/Erika_Monterroza
Barclays	http://dbpedia.org/resource/Barclays
October	http://dbpedia.org/resource/October
Husted	http://dbpedia.org/resource/Jon_A._Husted
Obamacare	http://dbpedia.org/resource/Patient_Protection_and_Affordable_Care_Act
Coconino National Forest	http://dbpedia.org/resource/Coconino_National_Forest
Education Department	http://dbpedia.org/resource/Department_for_Education
Ourada Ranch Fire	http://aksw.org/notInWiki/Ourada_Ranch_Fire
In-Game	http://dbpedia.org/resource/Virtual_world
Mark Wenger	http://aksw.org/notInWiki/Mark_Wenger
Connecticut	http://aksw.org/notInWiki/Connecticut_Huskies_women's_basketball
Abdul Matin	http://aksw.org/notInWiki/Abdul_Matin
Lee Rainie	http://aksw.org/notInWiki/Lee_Rainie
Floyd Corkins	http://aksw.org/notInWiki/Floyd_Corkins
FAO	http://dbpedia.org/resource/Food_and_Agriculture_Organization
Raleigh	http://dbpedia.org/resource/Raleigh,_North_Carolina
Ed Tolley	http://aksw.org/notInWiki/Ed_Tolley
Churkin	http://dbpedia.org/resource/Vitaly_Churkin
CBS	http://dbpedia.org/resource/CBS
Protect Our Jobs	http://aksw.org/notInWiki/Protect_Our_Jobs
Detroit News	http://dbpedia.org/resource/The_Detroit_News
Timea Babos	http://dbpedia.org/resource/TÃ­mea_Babos
Chevron	http://dbpedia.org/resource/Chevron_Corporation
IRENE HIRANO INOUYE	http://aksw.org/notInWiki/IRENE_HIRANO_INOUYE
Ivan Sorbel	http://aksw.org/notInWiki/Ivan_Sorbel
Dennis Virag	http://aksw.org/notInWiki/Dennis_Virag
York Hsiao	http://aksw.org/notInWiki/York_Hsiao
California	http://dbpedia.org/resource/California
Chile	http://dbpedia.org/resource/Chilean_Gendarmerie
Richard Bernstein	http://dbpedia.org/resource/Richard_H._Bernstein
Central	http://aksw.org/notInWiki/Miami_Central
Jesse Jackson Jr.	http://dbpedia.org/resource/Jesse_Jackson,_Jr.
Glenn Hong	http://aksw.org/notInWiki/Glenn_Hong
Sharon Singh	http://aksw.org/notInWiki/Sharon_Singh
Boise Fire Department	http://aksw.org/notInWiki/Boise_Fire_Department
Irma Gorham	http://aksw.org/notInWiki/Irma_Gorham
February	http://dbpedia.org/resource/February
Dale Earnhardt Jr.	http://dbpedia.org/resource/Dale_Earnhardt,_Jr.
Costa-Castillo	http://aksw.org/notInWiki/Costa-Castillo
Helen Hodge	http://aksw.org/notInWiki/Helen_Hodge
CNET	http://dbpedia.org/resource/CNET
ACCESS	http://dbpedia.org/resource/Arab_Community_Center_for_Economic_and_Social_Services
Haskell	http://aksw.org/notInWiki/Haskell_Invitational_Stakes
Celine Dumerc	http://dbpedia.org/resource/Céline_Dumerc
Jeremy Payne	http://aksw.org/notInWiki/Jeremy_Payne
Arthur Kwesi-John	http://aksw.org/notInWiki/Arthur_Kwesi-John
U.S. Commercial Service	http://dbpedia.org/resource/U.S._Commercial_Service
West Virginia State University	http://dbpedia.org/resource/West_Virginia_State_University
Boeremag	http://dbpedia.org/resource/Boeremag
CNOOC	http://dbpedia.org/resource/China_National_Offshore_Oil_Corporation
New York	http://dbpedia.org/resource/New_York
CBS Sports	http://dbpedia.org/resource/CBS_Sports
Lenny B. Robinson	http://aksw.org/notInWiki/Lenny_B._Robinson
Dolphins	http://dbpedia.org/resource/Miami_Dolphins
China Times	http://dbpedia.org/resource/China_Times
Bureau	http://dbpedia.org/resource/United_States_Bureau_of_Reclamation
Grand Cathay	http://aksw.org/notInWiki/Grand_Cathay
National Marriage Project	http://dbpedia.org/resource/The_National_Marriage_Project
Tracy Schmaler	http://aksw.org/notInWiki/Tracy_Schmaler
Jeff Barnard	http://aksw.org/notInWiki/Jeff_Barnard
Hsieh	http://aksw.org/notInWiki/Hsieh_Mang-lin
University of Pennsylvania Center for Bioethics	http://aksw.org/notInWiki/University_of_Pennsylvania_Center_for_Bioethics
Maine Center	http://aksw.org/notInWiki/Maine_Center_for_Disease_Control
Bobby Egbert	http://aksw.org/notInWiki/Bobby_Egbert
John Truscott	http://aksw.org/notInWiki/John_Truscott
D.C.	http://dbpedia.org/resource/Washington,_D.C.
Harmonix	http://dbpedia.org/resource/Harmonix_Music_Systems
Alan Grover	http://aksw.org/notInWiki/Alan_Grover
Golden Globe	http://dbpedia.org/resource/Golden_Globe_Award
Harold Reynolds	http://dbpedia.org/resource/Harold_Reynolds
Baffert	http://dbpedia.org/resource/Bob_Baffert
Van Garderen	http://dbpedia.org/resource/Tejay_van_Garderen
NASA	http://dbpedia.org/resource/NASA
Los Angeles Dodgers	http://dbpedia.org/resource/Los_Angeles_Dodgers
Tina Bailes	http://aksw.org/notInWiki/Tina_Bailes
Joshua Dines	http://aksw.org/notInWiki/Joshua_Dines
MIA	http://dbpedia.org/resource/Miami_International_Airport
Education	http://dbpedia.org/resource/American_Council_on_Education
Hurricane	http://aksw.org/notInWiki/Hurricane_Redskins
Tom Wilkinson	http://aksw.org/notInWiki/Tom_Wilkinson
David Eby	http://aksw.org/notInWiki/David_Eby
Michele Kropf	http://aksw.org/notInWiki/Michele_Kropf
Gander Mountain	http://dbpedia.org/resource/Gander_Mountain
Chart House	http://aksw.org/notInWiki/Chart_House
Athens Regional	http://dbpedia.org/resource/Athens_Regional_Medical_Center
Dan Tilkin	http://aksw.org/notInWiki/Dan_Tilkin
Vance Gulliksen	http://aksw.org/notInWiki/Vance_Gulliksen
Dave Nagle	http://aksw.org/notInWiki/Dave_Nagle
Robert Yen	http://aksw.org/notInWiki/Robert_Yen
Indians	http://dbpedia.org/resource/Cleveland_Indians
Hassan Jaber	http://aksw.org/notInWiki/Hassan_Jaber
Foreign Affairs	http://dbpedia.org/resource/Ministry_of_Foreign_Affairs_(Republic_of_China)
La Luz	http://aksw.org/notInWiki/La_Luz_Fundation
John Hall	http://aksw.org/notInWiki/John_Hall
Chad Johnson	http://aksw.org/notInWiki/Chad_Johnson_(wide_receiver)
Giants	http://dbpedia.org/resource/New_York_Giants
Manny Acta	http://dbpedia.org/resource/Manny_Acta
Andy Hall	http://aksw.org/notInWiki/Andy_Hall
Falmouth\/Cumberland Community Chamber	http://aksw.org/notInWiki/Falmouth\/Cumberland_Community_Chamber
Texas Department	http://aksw.org/notInWiki/State_Health_Services
Sanitation Department	http://aksw.org/notInWiki/New_York_City_Department_of_Sanitation
George Washington	http://dbpedia.org/resource/George_Washington_Colonials
Jessica Joyce	http://aksw.org/notInWiki/Jessica_Joyce
Chief Cathy Lanier	http://dbpedia.org/resource/Cathy_L._Lanier
Evans	http://aksw.org/notInWiki/Skip_Evans
KATU News	http://aksw.org/notInWiki/KATU_News
Bay Area	http://dbpedia.org/resource/San_Francisco_Bay_Area
Capt. Dale Engle	http://aksw.org/notInWiki/Dale_Engle
Honican	http://aksw.org/notInWiki/Ashley_Honican
Mike Van Diest	http://dbpedia.org/resource/Mike_Van_Diest
Hilary Bassett	http://aksw.org/notInWiki/Hilary_Bassett
Bob Emrich	http://aksw.org/notInWiki/Bob_Emrich
Christopher Clark	http://aksw.org/notInWiki/Christopher_Clark
Hilario Ladra	http://aksw.org/notInWiki/Hilario_Ladra
Lindsay Bramson	http://aksw.org/notInWiki/Lindsay_Bramson
Cesare Prandelli	http://dbpedia.org/resource/Cesare_Prandelli
Daniel Berlant	http://aksw.org/notInWiki/Daniel_Berlant
Chi Hui-jung	http://aksw.org/notInWiki/Chi_Hui-jung
Bangor	http://dbpedia.org/resource/Bangor,_Iowa
Har-Ber	http://aksw.org/notInWiki/Har-Ber
Planned Parenthood Federation	http://dbpedia.org/resource/Planned_Parenthood
Donna Williams	http://aksw.org/notInWiki/Donna_Williams
CIA	http://dbpedia.org/resource/Central_Intelligence_Agency
Protect Marriage Maine	http://aksw.org/notInWiki/Protect_Marriage_Maine
Minnesota	http://dbpedia.org/resource/Minnesota_Twins
Lars Jonassen	http://aksw.org/notInWiki/Lars_Jonassen_(Coach)
Chad Oakley	http://aksw.org/notInWiki/Chad_Oakley
Jet Propulsion Laboratory	http://dbpedia.org/resource/Jet_Propulsion_Laboratory
Telly Lockette	http://aksw.org/notInWiki/Telly_Lockette
Lawsky	http://aksw.org/notInWiki/Benjamin_Lawsky
MLB Network	http://dbpedia.org/resource/MLB_Network
University of Southern California 's Center for the Study of Immigrant Integration	http://aksw.org/notInWiki/Center_for_the_Study_of_Immigrant_Integration
Brandon Belt	http://dbpedia.org/resource/Brandon_Belt
Protect MI Jobs	http://aksw.org/notInWiki/Protect_MI_Jobs
MLB	http://dbpedia.org/resource/Major_League_Baseball
Kenneth Ocastro	http://aksw.org/notInWiki/Kenneth_Ocastro
Steve Hsia	http://aksw.org/notInWiki/Steve_Hsia
Diane DeCillis	http://aksw.org/notInWiki/Diane_DeCillis
Lawrence Ulrich	http://aksw.org/notInWiki/Lawrence_Ulrich
Alvaro Enciso	http://aksw.org/notInWiki/Alvaro_Enciso
International Joint	http://aksw.org/notInWiki/International_Joint_Command
Peyton Manning	http://dbpedia.org/resource/Peyton_Manning
Giovanni Trapattoni	http://dbpedia.org/resource/Giovanni_Trapattoni
George Tenet	http://dbpedia.org/resource/George_Tenet
Melissa Mullis	http://aksw.org/notInWiki/Melissa_Mullis
Galipeau	http://aksw.org/notInWiki/Galipeau
Oak Glen	http://aksw.org/notInWiki/Oak_Glen_football_team
House Democratic	http://aksw.org/notInWiki/House_Democratic
Mary Keefe	http://aksw.org/notInWiki/Mary_Keefe
YWCA	http://aksw.org/notInWiki/YWCA_board_of_directors
Lewis County	http://dbpedia.org/resource/Lewis_County,_West_Virginia
Hillary Cohen	http://aksw.org/notInWiki/Hillary_Cohen
Castles Unlimited Real Estate	http://aksw.org/notInWiki/Castles_Unlimited_Real_Estate
Nokia	http://dbpedia.org/resource/Nokia
Aeroflot	http://dbpedia.org/resource/Aeroflot
Eagle View Farms	http://aksw.org/notInWiki/Eagle_View_Farms
Marblehead	http://dbpedia.org/resource/Marblehead,_Massachusetts
Don Mattingly	http://dbpedia.org/resource/Don_Mattingly
Hooker	http://aksw.org/notInWiki/Hooker_Furniture
Hillary Clinton	http://dbpedia.org/resource/Hillary_Rodham_Clinton
Ken Whisenhunt	http://dbpedia.org/resource/Ken_Whisenhunt
Springboard Healthcare Staffing	http://aksw.org/notInWiki/Springboard_Healthcare_Staffing_and_Search
Darryl Larson	http://aksw.org/notInWiki/Darryl_Larson
Joe Ford	http://aksw.org/notInWiki/Joe_Ford
Larry Bradford	http://aksw.org/notInWiki/Larry_Bradford
Chrysler	http://dbpedia.org/resource/Chrysler
LDS Church	http://dbpedia.org/resource/The_Church_of_Jesus_Christ_of_Latter-day_Saints
Bologna	http://dbpedia.org/resource/Bologna
Jessica Sidman	http://aksw.org/notInWiki/Jessica_Sidman
National Venture Capital Association	http://dbpedia.org/resource/National_Venture_Capital_Association
National School Choice Week	http://aksw.org/notInWiki/National_School_Choice_Week
Cecile Richards	http://dbpedia.org/resource/Cecile_Richards
Christian Gunning	http://aksw.org/notInWiki/Christian_Gunning
Jobbik	http://dbpedia.org/resource/Jobbik
San Dimas Pharmacy	http://aksw.org/notInWiki/San_Dimas_Pharmacy
Kasie Hunt	http://aksw.org/notInWiki/Kasie_Hunt
Justin	http://aksw.org/notInWiki/Justin_Ford
Colville Tribe	http://dbpedia.org/resource/Colville_tribe
Adelson	http://dbpedia.org/resource/Sheldon_Adelson
Tim Cook	http://dbpedia.org/resource/Tim_Cook
English	http://dbpedia.org/resource/England_cricket_team
Detroit Federation of Teachers	http://aksw.org/notInWiki/Detroit_Federation_of_Teachers
Jim Cain	http://aksw.org/notInWiki/Jim_Cain
Agustin Pichot	http://dbpedia.org/resource/AgustÃ­n_Pichot
Fikile Mbalula	http://dbpedia.org/resource/Fikile_Mbalula
CCTV	http://dbpedia.org/resource/China_Central_Television
Gonzalez	http://dbpedia.org/resource/Gio_Gonzalez
Grammy	http://dbpedia.org/resource/Grammy_Award
Daryl Johnson	http://dbpedia.org/resource/Daryl_Johnson
Maine Renewable Energy	http://aksw.org/notInWiki/Maine_Renewable_Energy
Christopher Matthews	http://aksw.org/notInWiki/Christopher_Matthews
DIA	http://dbpedia.org/resource/Denver_International_Airport
George Mason	http://dbpedia.org/resource/George_Mason_University
Foote	http://aksw.org/notInWiki/Harry_Foote
Phillip Dees	http://aksw.org/notInWiki/Phillip_Dees
Luis Luciano	http://aksw.org/notInWiki/Luis_Luciano
Prevent Child	http://aksw.org/notInWiki/Prevent_Child_Abuse_America
Cathy Moses	http://aksw.org/notInWiki/Cathy_Moses
Mike du Toit	http://aksw.org/notInWiki/Mike_du_Toit
Daily News	http://dbpedia.org/resource/Philadelphia_Daily_News
Gerald Evelyn	http://aksw.org/notInWiki/Gerald_Evelyn
Tony Romo	http://dbpedia.org/resource/Tony_Romo
Hulyk	http://aksw.org/notInWiki/Erin_Hulyk
Bobby Wyatt	http://aksw.org/notInWiki/Bobby_Wyatt
Angel Di Maria	http://dbpedia.org/resource/Ãngel_di_MarÃ­a
Boomer Esiason	http://dbpedia.org/resource/Boomer_Esiason
UNESCO	http://dbpedia.org/resource/UNESCO
Arthur Caplan	http://dbpedia.org/resource/Arthur_Caplan
Action News	http://dbpedia.org/resource/Action_News
Johanna Larsson	http://dbpedia.org/resource/Johanna_Larsson_(tennis)
Ben Tanzer	http://aksw.org/notInWiki/Ben_Tanzer
Cherokee Village	http://dbpedia.org/resource/Cherokee_Village,_Arkansas
Chiu Chun-wen	http://aksw.org/notInWiki/Chiu_Chun-wen
Callaghan	http://aksw.org/notInWiki/Callaghan
Benner	http://aksw.org/notInWiki/Norman_Benner
Gonzalo Solano	http://aksw.org/notInWiki/Gonzalo_Solano
Kevin Youkilis	http://dbpedia.org/resource/Kevin_Youkilis
Northern Wake Republican Club	http://aksw.org/notInWiki/Northern_Wake_Republican_Club
Molly Corbett Broad	http://dbpedia.org/resource/Molly_Corbett_Broad
Mogadishu	http://dbpedia.org/resource/Mogadishu
Hollande	http://dbpedia.org/resource/Socialist_Party_(France)
Chinese Association for Protecting the Diaoyutais	http://aksw.org/notInWiki/Chinese_Association_for_Protecting_the_Diaoyutais
Freddy Lim	http://aksw.org/notInWiki/Freddy_Lim
Milton	http://dbpedia.org/resource/Milton,_Massachusetts
Shane Davis	http://aksw.org/notInWiki/Shane_Davis_(Coach)
Retailers Association of Massachusetts	http://aksw.org/notInWiki/Retailers_Association_of_Massachusetts
Irina Dannenberg	http://aksw.org/notInWiki/Irina_Dannenberg
Elop	http://dbpedia.org/resource/Stephen_Elop
Diaoyu	http://dbpedia.org/resource/Senkaku_Islands
Gabriele	http://aksw.org/notInWiki/Paolo_Gabriele
CEA	http://aksw.org/notInWiki/Changi_Experience_Agents
Wu Ching-kuo	http://dbpedia.org/resource/Wu_Ching-kuo
Hu	http://dbpedia.org/resource/Hu_Jintao
National Association of Student Financial Aid Administrators	http://aksw.org/notInWiki/National_Association_of_Student_Financial_Aid_Administrators
Pine Ridge Chamber	http://aksw.org/notInWiki/Pine_Ridge_Chamber_of_Commerce
Chris Jones	http://aksw.org/notInWiki/Chris_Jones
Catherine Lucey	http://aksw.org/notInWiki/Catherine_Lucey
Steve Owen	http://aksw.org/notInWiki/Steve_Owen
Matty Maroun	http://aksw.org/notInWiki/Manuel_Moroun
John Terry	http://dbpedia.org/resource/John_Terry
Rockland	http://dbpedia.org/resource/Rockland,_Maine
Guerrero	http://dbpedia.org/resource/Robert_Guerrero
Portland Archdiocese	http://dbpedia.org/resource/Roman_Catholic_Archdiocese_of_Portland_in_Oregon
Sameer N. Yacoub	http://aksw.org/notInWiki/Sameer_N._Yacoub
Bob Young	http://aksw.org/notInWiki/Bob_Young
Dan Rooney	http://dbpedia.org/resource/Dan_Rooney
Jerry Rice	http://dbpedia.org/resource/Jerry_Rice
First Student Collinsville	http://dbpedia.org/resource/First_Student_(United_States)
Luis Gutierrez	http://dbpedia.org/resource/Luis_GutiÃ©rrez
East Jackson	http://aksw.org/notInWiki/East_Jackson
Cleveland	http://dbpedia.org/resource/Cleveland_Indians
Shinzo Nakanishi	http://aksw.org/notInWiki/Shinzo_Nakanishi
Decatur	http://dbpedia.org/resource/Decatur,_Georgia
Coalition Avenir Quebec	http://dbpedia.org/resource/Coalition_Avenir_Québec
Highland High School	http://aksw.org/notInWiki/Highland_High_School_(Arkansas)
Steven Stamkos	http://dbpedia.org/resource/Steven_Stamkos
Marnie Maclean	http://aksw.org/notInWiki/Marnie_Maclean
Bulls	http://dbpedia.org/resource/Chicago_Bulls
Frank Bennack Jr	http://aksw.org/notInWiki/Frank_Bennack_Jr
Carnival	http://aksw.org/notInWiki/Carnival_Corporation_&_PLC
Bureau of Land Management	http://dbpedia.org/resource/Bureau_of_Land_Management
Yahoo	http://dbpedia.org/resource/Yahoo
Dan McCranie	http://aksw.org/notInWiki/Dan_McCranie
AHS	http://aksw.org/notInWiki/Apalachee_High_School_football_team
Indies	http://dbpedia.org/resource/West_Indies_cricket_team
Delta	http://dbpedia.org/resource/Delta_Air_Lines
Sweetgrass Farm Winery	http://aksw.org/notInWiki/Sweetgrass_Farm_Winery_&_Distillery
Mark Heesen	http://aksw.org/notInWiki/Mark_Heesen
Dan Walsch	http://aksw.org/notInWiki/Dan_Walsch
Lars Boom	http://dbpedia.org/resource/Lars_Boom
Binno	http://aksw.org/notInWiki/Angelo_Binno
McLean Poulin	http://aksw.org/notInWiki/McLean_Poulin
Dr. Roe	http://aksw.org/notInWiki/Benson_Roe
Lo	http://aksw.org/notInWiki/Lo_Fu-chen
Mid-America Asset Management	http://aksw.org/notInWiki/Mid-America_Asset_Management
Adrienne Kinne	http://aksw.org/notInWiki/Adrienne_Kinne
